cncdate,shares,amount,buy_flag
2003-08-19,40000.0,413400.0,1
2003-08-20,7200.0,73080.0,1
2003-08-21,14200.0,145290.0,1
2003-08-22,45000.0,462000.0,1
2003-08-25,38800.0,395398.0,1
2003-08-26,20700.0,212175.0,1
2003-08-27,25000.0,256250.0,1
2003-08-29,10800.0,113292.0,1
2003-09-09,11800.0,133340.0,1
2003-09-10,33800.0,379574.0,1
2003-09-15,41200.0,463500.0,1
2003-09-25,15000.0,165000.0,1
2003-09-26,93000.0,1020120.0,1
2003-09-29,70000.0,780500.0,1
2003-09-30,214700.0,2338083.0,1
2003-10-31,25000.0,293750.0,1
2003-12-31,106100.0,1192564.0,1
2004-01-09,52800.0,582912.0,1
2004-01-12,1200.0,13260.0,1
2004-01-13,76000.0,838500.0,1
2004-01-30,50000.0,562000.0,1
2004-02-04,47700.0,531855.0,1
2004-02-05,50000.0,548000.0,1
2004-02-26,6500.0,72085.0,1
2004-02-27,1200.0,13296.0,1
2004-03-03,26500.0,293620.0,1
2004-03-11,100000.0,1105000.0,1
2004-03-31,15700.0,180393.0,1
2004-05-05,75000.0,921044.0,0
2004-05-06,29673.0,360500.3625,0
2004-05-07,12100.0,145879.0,0
2004-05-11,8398.0,99941.16,0
2004-05-12,109500.0,1286625.0,1
2004-05-19,5134.0,62891.5,0
2004-05-25,8200.0,100450.0,0
2004-05-28,30000.0,368982.0,0
2004-06-17,9196065.0,0.0,0
2004-08-02,50000.0,631195.0,0
2004-08-09,286075.0,3259312.25,0
2004-08-10,25000.0,300000.0,0
2004-08-19,8000.0,96296.0,0
2004-08-25,2000.0,24360.0,1
2004-08-27,9228938.0,122744875.4,0
2004-09-08,15000.0,177000.0,0
2004-09-10,160300.0,1902261.32,0
2004-09-13,9500.0,112860.0,0
2004-09-14,33950.0,398912.5,0
2005-02-07,1248300.0,11734020.0,1
2005-02-08,1000000.0,9250000.0,1
2005-02-09,278000.0,2557600.0,1
2005-02-10,100400.0,928700.0,1
2005-02-11,144200.0,1359806.0,1
2005-02-14,151500.0,1426615.0,1
2005-05-05,33333.0,299997.0,0
2005-05-05,295100.0,2638194.0,1
2005-05-10,15400.0,142296.0,1
2005-05-11,9700.0,89628.0,1
2005-05-12,1000.0,9250.0,1
2005-05-13,52000.0,482040.0,1
2005-05-16,5000.0,46500.0,1
2005-05-17,1667.0,15753.15,0
2005-05-17,9700.0,90210.0,1
2005-05-18,13900.0,131633.0,1
2005-05-18,15000.0,141750.0,0
2005-05-20,64000.0,608000.0,1
2005-05-24,2389.0,23221.08,0
2005-05-27,20000.0,200000.0,0
2005-05-31,10000.0,100000.0,0
2005-06-06,20000.0,202000.0,0
2005-06-08,3100.0,31310.0,1
2005-06-09,96900.0,980686.14,1
2005-06-10,27400.0,283330.0,0
2005-06-15,5934.0,61412.9,0
2005-06-15,100000.0,1043440.0,1
2005-08-01,340200.0,3499854.0,1
2005-08-02,126800.0,1336472.0,1
2005-08-03,75800.0,801964.0,1
2005-08-04,57400.0,607292.0,1
2005-08-05,178200.0,1860408.0,1
2005-08-08,97900.0,1026971.0,1
2005-08-09,68900.0,729651.0,1
2005-08-10,33200.0,347936.0,1
2005-08-11,100000.0,1044000.0,1
2005-08-12,150000.0,1585500.0,1
2005-08-15,38500.0,403095.0,1
2005-08-16,1800.0,19080.0,1
2005-12-05,2025.0,26993.25,1
2005-12-12,630.0,8537.0,0
2005-12-15,7000.0,98272.3,0
2006-02-10,60000.0,796440.0,1
2006-02-13,182600.0,2410320.0,1
2006-02-15,5125.0,69597.5,1
2006-02-16,72000.0,996573.6,1
2006-02-24,15000.0,213921.0,0
2006-03-09,40000.0,561860.0,0
2006-05-18,10700000.0,0.0,0
2006-05-24,200000.0,2809880.0,1
2006-05-31,1425000.0,0.0,0
2006-09-15,2000000.0,31500000.0,0
2006-09-15,2000000.0,31500000.0,1
2006-11-10,5500.0,106666.0,0
2006-12-06,10389610.0,199999992.5,0
2007-02-13,65027.0,1429174.1097999995,0
2007-02-20,18600.0,401760.0,0
2007-02-21,9538.0,207938.8918,0
2007-02-21,86300.0,1888244.0,1
2007-02-22,15200.0,332576.0,1
2007-02-22,40000.0,878000.0,0
2007-02-23,10700.0,233540.34,1
2007-02-27,12800.0,276230.4,1
2007-02-28,7000.0,148960.0,0
2007-05-08,84667.0,2269501.65,0
2007-05-23,10000.0,283363.18,0
2007-05-25,18667.0,499718.6,0
2007-05-29,14725.0,400972.5,0
2007-08-02,31800.0,695613.0,1
2007-09-04,2000.0,44020.0,0
2007-09-13,3400.0,76795.0,0
2007-10-01,2000.0,48820.0,0
2007-11-01,2000.0,43080.0,0
2007-11-01,88000.0,1875495.17,1
2007-11-02,113000.0,2386400.24,1
2007-11-05,25000.0,534500.0,1
2007-11-06,25000.0,540500.0,1
2007-11-15,12000.0,227160.0,0
2007-11-15,30000.0,565500.0,1
2007-12-14,33500.0,567445.7,1
2008-02-11,194670.0,3230373.447,0
2008-02-26,6000.0,120000.0,0
2008-03-12,2000.0,40000.0,0
2008-03-14,9801.0,192335.74,0
2008-04-02,2000.0,40140.0,0
2008-05-01,2000.0,45580.0,0
2008-05-12,240323.0,5501261.029200001,0
2008-05-13,10000.0,238679.0,0
2008-05-14,29432.0,698158.404,0
2008-05-15,3291.0,76436.1078,0
2008-05-29,18826.0,409090.8626,0
2008-06-02,2000.0,43260.0,0
2008-06-03,5000.0,110000.0,0
2008-06-04,14046.0,313768.3,0
2008-06-05,15000.0,346250.0,0
2008-06-06,3748.0,86458.864,0
2008-06-20,1250000.0,26875000.0,0
2008-07-01,2000.0,40757.0,0
2008-08-01,146035.0,3488429.4665,0
2008-08-04,115965.0,2752614.819,0
2008-08-05,22472.0,550919.1432,0
2008-08-06,12500.0,307500.0,0
2008-08-08,27326.0,720015.2542000001,0
2008-08-11,5941.0,160862.6747,0
2008-08-13,106767.0,2902701.6157,0
2008-08-18,24000.0,664944.0,0
2008-08-19,14115.0,388247.19,0
2008-08-25,9973.0,259649.0496,0
2008-09-02,2073.0,56023.8615,0
2008-09-03,4927.0,133029.0,0
2008-11-20,29100.0,402330.78,1
2009-02-24,1000.0,10194.0,0
2009-03-03,848.0,8234.6736,0
2009-03-11,2000.0,17990.0,1
2009-05-12,1685.0,23255.8645,0
2009-05-22,54900.0,815583.42,0
2009-05-29,15331.0,231076.1655,0
2009-06-02,6518.0,104288.0,0
2009-06-04,44600.0,713154.0,0
2009-06-05,87600.0,1409484.0,0
2009-06-08,42600.0,672654.0,0
2009-06-09,86800.0,1382724.0,0
2009-06-10,129200.0,2025856.0,0
2009-06-11,229531.0,3584873.25,0
2009-06-12,114280.0,1758853.6486999998,0
2009-06-15,135000.0,2023650.0,0
2009-08-07,81395.0,1441109.4800000002,0
2009-08-10,28778.0,499715.581,0
2009-08-11,1003181.0,16274395.099999998,0
2009-08-26,1241.0,20936.0423,0
2009-08-27,46300.0,789877.9999999999,0
2009-08-28,53859.0,917218.77,0
2009-08-31,8501.0,143456.85,0
2009-09-01,40900.0,689482.0,0
2009-09-02,87233.0,1461152.75,0
2009-09-03,100000.0,1641000.0,0
2009-09-10,49000.0,851130.0,0
2009-09-11,64388.0,1121638.9600000002,0
2009-09-14,59542.0,1036030.8,0
2009-09-15,167134.0,2900414.9000000004,0
2009-09-30,81542.0,1482433.56,0
2009-10-01,59550.0,1053439.5,0
2009-11-12,121782.0,2382055.92,0
2009-11-13,89718.0,1737837.66,0
2009-11-16,105684.0,2121077.88,0
2009-11-17,126122.0,2530007.32,0
2009-11-18,69936.0,1388928.96,0
2009-11-19,179848.0,3454880.08,0
2009-11-20,111400.0,2134424.0,0
2009-11-23,93634.0,1841780.7800000005,0
2009-11-24,88812.0,1722952.7999999998,0
2009-11-25,69412.0,1349369.28,0
2009-11-27,53800.0,1014130.0,0
2009-11-30,131400.0,2445354.0,0
2009-12-01,167800.0,3255319.9999999995,0
2009-12-02,104292.0,2015964.36,0
2009-12-03,62800.0,1205760.0,0
2009-12-04,109000.0,2127680.0,0
2009-12-07,111202.0,2141750.52,0
2009-12-08,232600.0,4344968.0,0
2009-12-09,137216.0,2520657.92,0
2009-12-14,15921282.0,271617070.92,0
2010-02-12,29833.0,658041.0814,0
2010-02-16,117538.0,2706531.4776,0
2010-02-17,43162.0,1019869.5075,0
2010-02-18,158745.0,3722616.6004,0
2010-02-19,22378.0,531414.8416,0
2010-02-22,9830.0,231200.617,0
2010-02-24,15613.0,365661.5556,0
2010-02-25,34493.0,809770.14,0
2010-03-01,15410.0,376928.6,0
2010-03-02,25000.0,608915.0,0
2010-03-05,1468.0,35834.614,0
2010-05-03,1182.0,28758.06,0
2010-05-12,1005.0,24823.5,0
2010-05-14,7417.0,181176.5424,0
2010-05-25,1356.0,32544.0,0
2010-05-28,2000.0,50000.0,0
2010-06-01,12128.0,284663.5648,0
2010-06-03,6166.0,154150.0,0
2010-06-10,1700.0,41296.06,0
2010-06-11,5000.0,124401.0,0
2010-06-14,30000.0,757911.0,0
2010-06-15,6103.0,158436.3212,0
2010-08-12,40000.0,1100724.0,0
2010-08-13,135519.0,3721660.0042,0
2010-08-16,57820.0,1599257.0811,0
2010-08-17,25115.0,703220.0,0
2010-08-20,7246.0,201154.7568,0
2010-08-25,1974.0,55800.8278,0
2010-08-26,800.0,22800.0,0
2010-08-31,15000.0,431865.0,0
2010-09-01,19160.0,555536.536,0
2010-09-02,5784.0,168719.28,0
2010-09-03,630.0,18774.0,0
2010-09-07,4000000.0,112000000.0,0
2010-11-08,7459.0,231660.8761,0
2010-11-12,100.0,3200.0,0
2010-11-18,37225.0,1190031.25,0
2010-11-30,49525.0,1603198.5375,0
2010-12-01,1900.0,62130.00000000001,0
2010-12-02,50000.0,1677000.0,0
2010-12-03,13332.0,441888.3786,0
2010-12-14,7273.0,238190.75,0
2010-12-15,31914.0,1044474.5613,0
2011-02-23,9730205.0,335214582.86,0
2011-02-24,26958.0,1007284.6762,0
2011-02-25,129091.0,4877233.5793,0
2011-02-28,153402.0,5773719.420299999,0
2011-03-02,108928.0,4088342.3618,0
2011-03-03,157739.0,6088074.896799999,0
2011-03-04,100000.0,3826575.13,0
2011-03-07,8500.0,325895.10000000003,0
2011-03-08,141500.0,5413437.0,0
2011-03-09,167211.0,6463938.860300001,0
2011-03-10,20278.0,774627.7112,0
2011-03-11,40308.0,1556847.9211999995,0
2011-03-15,37740.0,1452106.8839999998,0
2011-05-09,2059000.0,77903391.4,0
2011-06-03,1955.0,74910.51699999999,0
2011-06-10,39500.0,1427943.4,0
2011-06-13,29500.0,1078994.95,0
2011-06-14,29534.0,1094875.5878,0
2011-06-15,8000.0,300000.0,0
2011-08-29,600.0,21000.0,0
2011-09-07,8794.0,312384.865,0
2011-09-09,428.0,14911.8624,0
2011-11-03,295482.0,11836221.4484,0
2011-11-04,248100.0,9698229.0,0
2011-11-07,170200.0,6648012.0,0
2011-11-08,230962.0,9019066.1,0
2011-11-10,49831.0,1918991.81,0
2011-11-11,190100.0,7375879.999999999,0
2011-11-14,175000.0,6739250.0,0
2011-11-15,203000.0,7872340.0,0
2011-11-16,119679.0,4621154.9158,0
2011-11-22,38518.0,1425936.36,0
2011-11-28,29300.0,1092011.0,0
2011-11-29,319377.0,11921698.1559,0
2011-11-30,260005.0,9859812.562,0
2011-12-01,205300.0,7756234.0,0
2011-12-02,264000.0,9884160.0,0
2011-12-05,250000.0,9337500.0,0
2011-12-06,110000.0,4103000.0,0
2011-12-07,29113.0,1084339.2691,0
2011-12-08,27668.0,1012372.12,0
2011-12-09,291700.0,10649967.0,0
2011-12-15,1648434.0,58024876.8,0
2012-02-13,5726.0,216505.786,0
2012-02-14,1661.0,63118.0,0
2012-02-15,4339.0,164882.0,0
2012-02-17,7428.0,289549.2,0
2012-02-21,6968.0,270171.384,0
2012-02-22,14754.0,580540.392,0
2012-02-23,25203.0,999699.4845,0
2012-02-24,58135.0,2332600.7482,0
2012-02-27,33662.0,1347848.7064,0
2012-02-28,7254.0,290538.7152,0
2012-02-29,93176.0,3728087.7881,0
2012-03-01,4000.0,161080.0,0
2012-03-13,24634.0,1029811.4202,0
2012-03-14,1786.0,74735.7058,0
2012-05-17,13037.0,548614.7077,0
2012-06-06,32666.0,1354136.364,0
2012-06-15,33385.0,1428647.6435,0
2012-08-07,73303.0,3496070.7029,0
2012-08-08,6297.0,300996.6,0
2012-08-09,5499.0,263952.0,0
2012-08-15,5000.0,240914.0,0
2012-08-17,10000.0,487583.0,0
2012-08-21,9456.0,464773.7472,0
2012-08-27,400.0,19753.24,0
2012-08-30,1028.0,50837.2728,0
2012-09-05,76007.0,3857755.5927,0
2012-09-10,18166.0,903437.5258,0
2012-09-11,18308.0,905577.758,0
2012-09-12,45095.0,2231644.7085,0
2012-09-13,10000.0,491862.0,0
2012-11-16,50000.0,2273000.0,0
2012-12-04,28530.0,1345169.529,0
2012-12-12,280.0,13300.0,0
2012-12-14,607.0,28278.6125,0
2013-02-12,5000.0,248228.0,0
2013-02-25,17914.0,878831.6396000001,0
2013-02-27,2000.0,98624.0,0
2013-02-28,1000.0,49572.4,0
2013-03-01,7190.0,354417.074,0
2013-03-05,28604.0,1469753.6112000002,0
2013-03-08,4734.0,240966.2808,0
2013-03-12,3000.0,155010.9,0
2013-03-14,8279.0,431472.5035,0
2013-03-15,2250.0,117138.6,0
2013-05-06,10463.0,589853.7176,0
2013-05-07,45231.0,2563061.8727,0
2013-05-08,38077.0,2178934.9466,0
2013-05-09,26500.0,1525279.0499999998,0
2013-05-10,55807.0,3216715.48,0
2013-05-13,35.0,2006.088,1
2013-05-15,18297.0,1067231.2966,0
2013-05-17,4000.0,230000.0,0
2013-05-22,4174.0,242527.3482,0
2013-05-28,854.0,48962.2112,0
2013-05-31,6865.0,393368.2,0
2013-06-03,9935.0,558065.8395,0
2013-06-07,40252.0,2316329.5164,0
2013-06-12,10000.0,568109.0,0
2013-06-13,4629.0,263928.9156,0
2013-09-04,20000.0,1152098.0,0
2013-09-11,3000.0,174964.5,0
2013-11-12,65297.0,3971976.6791,0
2013-11-13,1016.0,62424.6656,0
2013-11-14,800.0,50409.12,0
2013-11-19,21729.0,1401171.5249,0
2013-11-20,111143.0,7138826.033,0
2013-11-26,20301.0,1323347.0763,0
2013-12-12,3059.0,200492.978,0
2014-02-26,15633.0,1082712.0792,0
2014-02-27,5558.0,382531.0174,0
2014-02-28,5000.0,347526.0,0
2014-03-03,5634.0,388746.0,0
2014-03-04,6132.0,431180.677,0
2014-03-06,750.0,54000.0,0
2014-03-07,750.0,54750.0,0
2014-03-14,10545.0,760618.503,0
2014-05-19,3680.0,259440.0,0
2014-05-29,13198.0,935788.3524,0
2014-06-04,5000.0,359265.0,0
2014-06-05,34725.0,2493412.3015,0
2014-06-09,12500.0,903797.5,0
2014-06-12,674.0,47164.262,0
2014-06-13,8658.0,609337.9452,0
2014-08-07,2678.0,192409.2118,0
2014-08-11,9910.0,723651.984,0
2014-08-12,1200.0,87600.0,0
2014-08-14,6383.0,465973.6809,0
2014-08-15,4097.0,300436.2319,0
2014-08-18,6100.0,445300.0,0
2014-08-19,11217.0,821738.8833000001,0
2014-08-20,17855.0,1315734.95,0
2014-08-21,59600.0,4394361.640000001,0
2014-08-25,1672.0,123829.32319999998,0
2014-09-02,3000.0,225194.4,0
2014-09-08,5448.0,413172.195,0
2014-09-12,7111.0,544101.9483,0
2014-11-12,1200.0,102000.0,0
2014-11-24,3500.0,294786.8,0
2014-11-25,600.0,50911.740000000005,0
2014-12-11,592.0,50005.648,0
2015-02-24,11077.0,938362.5779,0
2015-02-25,4396.0,371575.8564,0
2015-03-06,5392.0,437225.4176,0
2015-03-09,2000.0,163161.0,0
2015-03-10,2000.0,160795.19999999998,0
2015-03-13,1000.0,80000.0,0
2015-05-14,5000.0,435128.5,0
2015-05-22,24797.0,2169836.688,0
2015-05-28,14476.0,1273329.2264,0
2015-05-29,1800.0,156600.0,0
2015-06-03,10358.0,906520.6358,0
2015-08-13,6304.0,570767.9423999999,0
2015-08-18,5000.0,460000.0,0
2015-09-11,2000.0,172780.6,0
2015-11-16,2678.0,230308.0,0
2015-11-17,2585.0,224383.9455,0
2015-11-19,1507.0,132456.4087,0
2015-11-20,19175.0,1693902.4678,0
2015-11-23,5494.0,492156.32,0
2016-05-09,4000.0,390000.0,0
2016-05-10,4379.0,421846.586,0
2016-05-11,45594.0,4439268.9288,0
2016-05-12,8522.0,830039.7347,0
2016-05-13,1122.0,110036.5596,0
2016-05-16,19002.0,1865082.4038,0
2016-05-23,10332.0,1024156.4004,0
2016-05-24,5773.0,579703.2999,0
2016-05-27,6981.0,713960.3825000001,0
2016-06-03,2973.0,303519.516,0
2016-06-06,48413.0,4953453.555799999,0
2016-06-09,3484.0,352741.06399999995,0
2016-06-10,2000.0,201324.8,0
2016-08-11,10198.0,959640.4772,0
2016-08-18,3086.0,280769.5262,0
2016-11-07,2600.0,246967.5,0
2017-02-09,7208.0,720800.0,0
2017-02-13,13000.0,1319500.0,0
2017-02-14,5000.0,506753.0,0
2017-02-15,61181.0,6204304.029,0
2017-02-17,10285.0,1059302.294,0
2017-02-23,7423.0,760450.2713,0
2017-03-13,2290.0,250046.474,0
2017-05-12,3361.0,379565.4603,0
2017-05-18,4172.0,466858.0644,0
2017-05-24,1400.0,162472.66,0
2017-05-25,1000.0,117859.0,0
2017-05-26,27900.0,3288402.81,0
2017-05-30,13331.0,1571788.2222,0
2017-06-01,2744.0,329166.6728,0
2017-06-02,1425.0,171586.245,0
2017-06-06,2500.0,301537.25,0
2017-08-10,1000.0,118624.8,0
2017-08-15,5000.0,585105.0,0
2017-08-16,1438.0,169601.108,0
2017-08-17,1000.0,119617.4,0
2017-08-22,1000.0,119212.3,0
2017-08-24,2500.0,297273.5,0
2017-08-25,2500.0,297348.25,0
2017-09-01,7487.0,899003.4878,0
2018-02-22,22013.0,2557848.8313,0
2018-02-23,33387.0,3888912.6767,0
2018-02-26,15891.0,1863623.3814,0
2018-03-05,5064.0,598505.0447999999,0
2018-03-08,5500.0,664173.95,0
2018-03-14,2000.0,245641.2,0
2018-05-11,8402.0,1132357.94,0
2018-05-15,2678.0,360967.62,0
2018-05-16,1500.0,202980.0,0
2018-06-04,1850.0,250915.5,0
2018-06-07,1800.0,247032.00000000003,0
2018-06-15,800.0,110400.0,0
2018-08-06,4000.0,560367.6799999999,0
2018-08-09,38995.0,5430443.699999999,0
2018-08-13,566.0,79064.54,0
2018-08-24,3800.0,554230.0,0
2018-08-28,2745.0,407138.4,0
2018-08-31,1400.0,209734.0,0
2018-11-16,1378.0,202841.6,0
2018-11-21,2763.0,407570.65,0
2018-11-28,3085.0,460405.4,0
2019-02-21,1909.0,271097.09,0
2019-02-28,59727.0,8534988.3,0
2019-03-01,31208.0,4488646.640000001,0
2019-03-08,3635.0,511226.4,0
2019-03-11,8496.0,1214928.0,0
2019-03-12,7319.0,1062206.47,0
2019-03-14,8259.0,1190452.2599999998,0
2019-05-17,6366.0,982086.11,0
2019-05-22,700.0,107800.0,0
2019-06-03,1812.0,272198.64,0
2019-06-05,700.0,107450.0,0
2019-06-07,4032.0,634193.2799999999,0
2019-08-08,400.0,53216.0,0
2019-08-27,771.0,99859.92,0
2019-08-29,1500.0,198742.5,0
2019-09-09,1828.0,249979.0,0
2019-11-01,2830.0,441083.8000000001,0
2019-11-04,13942.0,2188875.7800000003,0
2019-11-05,1268.0,199532.48,0
2019-11-06,2516.0,395842.28,0
2019-11-11,1500.0,240195.0,0
2019-11-13,35020.0,5609153.399999999,0
2019-11-18,3744.0,599398.88,0
2019-11-25,3403.0,541885.75,0
2019-11-26,2100.0,340809.0,0
2020-02-06,6262.0,964473.24,0
2020-02-18,1500.0,229215.0,0
2020-02-19,409.0,63210.95,0
2020-03-03,1725.0,226699.5,0
2020-03-05,1725.0,216487.5,1
2020-05-18,1000.0,117120.0,0
2020-05-19,2599.0,307305.76,0
2020-08-05,900.0,115687.8,0
2020-08-06,10000.0,1304300.0,0
2020-08-07,23413.0,3072858.015,0
2020-08-10,4149.0,547183.5228,0
2020-08-11,16375.0,2186553.75,0
2020-08-12,53779.0,7066160.559999999,0
2020-08-25,15051.0,2002956.7800000005,0
2020-08-26,2090.0,275597.85000000003,0
2020-11-04,3692.0,525190.36,0
2020-11-06,612.0,89976.24,0
2020-11-09,38467.0,6063011.67,0
2020-11-10,5492.0,871606.65,0
2020-11-13,1000.0,156300.0,0
2020-11-16,11201.0,1782277.98,0
2021-02-11,2983.0,539923.0,0
2021-02-12,7120.0,1295016.0,0
2021-02-19,5138.0,947001.14,0
2021-03-01,44804.0,8223761.95,0
2021-03-12,1368.0,254385.1,0
2021-05-05,8328.0,1894006.68,0
2021-05-07,45763.0,10662581.670000002,0
2021-05-10,54361.0,12641579.221,0
2021-05-12,1598.0,357488.58,0
2021-05-24,1724.0,400812.76,0
2021-06-11,872.0,203176.0,0
2021-08-04,4536.0,1339157.12,0
2021-08-05,4030.0,1185263.3,0
2021-08-10,375.0,109466.25,0
2021-08-11,4522.0,1335452.6,0
2021-08-12,1458.0,442298.88,0
2021-08-16,854.0,261674.14,0
2021-08-18,3942.0,1225831.51,0
2021-08-20,1350.0,408955.5,0
2021-08-23,1700.0,518007.0,0
2021-08-30,4267.0,1311693.56,0
2021-09-03,3177.0,992812.5,0
2021-11-05,872.0,287106.0,0
2021-11-09,28937.0,9754277.35,0
2021-11-16,600.0,201000.0,0
2021-11-17,3959.0,1318800.2,0
2021-11-30,1043.0,332351.94999999995,0
2021-12-02,1547.0,492301.81000000006,0
2021-12-07,1800.0,567576.0,0
2021-12-10,1000.0,320290.0,0
2021-12-15,3150.0,1000125.0,0
2022-02-15,1000.0,297080.0,0
2022-03-01,1000.0,273410.0,0
2022-03-02,2541.0,721269.6000000001,0
2022-05-04,4541.0,1231837.0699999998,0
2022-05-06,700.0,176393.0,1
2022-05-23,500.0,125410.0,0
2022-05-25,12081.0,3020250.0,0
2022-05-26,2411.0,617658.25,0
2022-05-27,1000.0,260000.0,0
2022-06-07,224.0,59743.03999999999,0
2022-06-08,250.0,66820.0,0
2022-08-03,18628.0,5469076.86,0
2022-08-04,11584.0,3368390.2700000005,0
2022-08-05,695.0,204545.45,0
2022-08-08,1197.0,359100.0,0
2022-08-12,5577.0,1691392.5599999998,0
2022-08-15,1000.0,310000.0,0
2022-08-17,300.0,94356.0,0
2022-09-12,645.0,199962.9,0
2022-11-02,23810.0,7746146.39,0
2022-11-03,252.0,80556.84000000001,0
2022-11-04,3035.0,967759.5400000002,0
2022-11-08,1395.0,452882.1,0
2022-11-10,664.0,223064.16,0
2022-11-11,700.0,240604.00000000003,0
2022-11-15,690.0,235769.9,0
2022-11-18,1295.0,433760.25,0
2022-11-23,571.0,197046.39,0
2022-12-01,200.0,71242.0,0
2022-12-09,1270.0,436130.7,0
2023-02-09,20030.0,7050825.3,0
2023-02-13,3471.0,1215405.36,0
2023-02-14,8807.0,3088276.89,0
2023-02-16,5604.0,1966053.88,0
2023-03-02,1850.0,609630.5,0
2023-03-03,2733.0,911176.09,0
2023-03-06,4510.0,1540300.2999999998,0
2023-03-14,1589.0,512130.89,0
2023-05-04,1327.0,396958.78,0
2023-05-12,1200.0,372108.0,0
2023-05-16,2007.0,641256.03,0
2023-05-17,369.0,119334.6,0
2023-05-18,792.0,259063.2,0
2023-05-22,835.0,277420.4,0
2023-05-26,4094.0,1407419.1,0
2023-06-07,893.0,303035.36,0
2023-06-09,14054.0,4861171.82,0
2023-06-13,1420.0,502626.0,0
2023-06-15,887.0,316463.86,0
2023-08-23,7938.0,2659944.42,0
2023-09-01,716.0,250442.48,0
2023-09-07,10000.0,3521600.0000000005,0
2023-09-08,10000.0,3559096.4800000004,0
2023-11-06,19091.0,7411008.98,0
2023-11-07,42643.0,16869612.78,0
2023-11-08,11769.0,4703644.9,0
2023-11-09,516.0,207741.44,0
2023-11-10,5885.0,2400550.35,0
2023-11-13,5000.0,2059500.0,0
2023-11-14,12813.0,5402291.209999999,0
2023-11-16,6413.0,2686835.93,0
2023-11-20,250.0,105117.5,0
2023-11-27,1200.0,514692.00000000006,0
2023-11-28,154.0,66472.56,0
2023-12-11,675.0,309865.5,0
2023-12-13,4387.0,2050352.19,0
2023-12-15,1655.0,752274.8200000001,0
2024-02-09,10000.0,4613058.699999999,0
2024-02-16,682.0,308946.0,0
2024-02-22,5000.0,2275017.0,0
2024-02-23,7259.0,3336375.96,0
2024-02-27,10000.0,4596806.18,0
2024-02-28,250.0,116137.5,0
2024-02-29,720.0,334713.6,0
2024-03-01,18716.0,8773934.04,0
2024-03-07,5000.0,2350450.0,0
2024-03-14,1460.0,694609.6,0
2024-05-16,600.0,268578.0,0
2024-05-20,10439.0,4752224.83,0
2024-05-22,800.0,363656.0,0
2024-06-04,705.0,302437.95,0
2024-06-06,10000.0,4392900.0,0
2024-07-31,24381.0,12294720.48,0
2024-08-05,1683.0,783520.65,0
2024-08-07,5000.0,2391300.0,0
2024-08-13,10000.0,4800798.87,0
2024-08-15,6710.0,3245326.7,0
2024-08-26,443.0,214243.66,0
2024-08-27,670.0,323757.4,0
2024-08-29,10173.0,4984320.0,0
2024-09-09,710.0,349275.9,0
2024-09-10,2128.0,1064319.2,0
2024-09-11,1426.0,713327.98,0
2024-09-12,40506.0,20450022.01,0
2024-09-13,478.0,241872.78,0
2024-11-06,11500.0,6151082.8,0
2024-11-07,4447.0,2403425.62,0
2024-11-08,38051.0,20801508.16,0
2024-11-11,10876.0,6005050.66,0
2024-11-12,3752.0,2068893.6,0
2024-11-13,14534.0,8038171.24,0
2024-11-15,1743.0,921367.23,0
2024-11-26,5000.0,2620079.43,0
2024-11-27,411.0,214229.44,0
2024-12-06,189.0,98949.06,0
2024-12-11,173.0,89930.59000000001,0
2025-02-10,90.0,47745.9,0
2025-02-24,1200.0,587724.0,0
2025-02-26,1740.0,881257.8,0
2025-02-27,90.0,44387.1,0
2025-05-07,848.0,370135.65,0
2025-05-13,3953.0,1778940.97,0
2025-05-15,25.0,11250.0,0
2025-05-16,188.0,84067.96,0
2025-05-19,625.0,281250.0,0
2025-05-21,5396.0,2421616.88,0
2025-06-09,1880.0,792438.7999999999,0
2025-06-12,655.0,270704.95,0
