date,open,high,low,close,volume
2021-05-28,20.25,24.83,20.0,21.75,3830375.0
2021-06-01,20.75,24.3,20.48,23.58,826130.0
2021-06-02,23.26,25.82,22.0,25.11,501538.0
2021-06-03,24.14,24.75,20.68,22.06,313642.0
2021-06-04,22.02,24.0,22.02,22.83,137283.0
2021-06-07,24.68,25.0,22.19,23.15,214895.0
2021-06-08,23.06,23.49,22.335,22.7,48669.0
2021-06-09,22.71,23.245,21.5,21.83,355322.0
2021-06-10,21.89,22.96,21.31,21.86,130309.0
2021-06-11,21.0,22.265,20.4,21.71,305369.0
2021-06-14,22.03,26.09,22.0,25.0,320413.0
2021-06-15,24.8,25.892,23.45,24.03,431609.0
2021-06-16,24.23,24.58,23.5,24.33,186066.0
2021-06-17,24.63,25.66,24.0,25.66,261891.0
2021-06-18,25.33,26.9,24.01,24.91,76792.0
2021-06-21,24.49,25.15,24.25,24.76,73551.0
2021-06-22,26.25,26.25,24.7001,25.27,297411.0
2021-06-23,25.2,25.4461,23.27,23.79,354098.0
2021-06-24,24.05,24.61,21.55,23.92,326258.0
2021-06-25,24.33,25.05,23.2214,24.5,344301.0
2021-06-28,24.77,24.77,23.22,23.31,141638.0
2021-06-29,22.96,23.95,22.26,22.28,106529.0
2021-06-30,22.4,22.99,21.9032,22.21,415066.0
2021-07-01,22.33,23.14,21.3675,22.55,273784.0
2021-07-02,22.55,22.87,21.48,22.12,104646.0
2021-07-06,22.31,22.83,21.68,21.81,106545.0
2021-07-07,22.01,22.52,20.45,21.01,546063.0
2021-07-08,20.51,21.36,20.4,21.19,108014.0
2021-07-09,21.2,22.31,20.85,21.93,66088.0
2021-07-12,21.915,22.49,21.21,21.86,132931.0
2021-07-13,21.65,22.94,21.11,22.26,237577.0
2021-07-14,22.83,23.25,21.361,21.54,101492.0
2021-07-15,21.98,22.8574,20.33,20.87,181840.0
2021-07-16,21.32,21.8393,20.5,21.08,194423.0
2021-07-19,19.6053,21.8105,19.6053,21.32,441147.0
2021-07-20,21.13,22.77,20.7097,21.32,400971.0
2021-07-21,21.11,21.44,20.79,20.99,239584.0
2021-07-22,20.97,21.5,20.51,21.14,56682.0
2021-07-23,21.28,21.89,20.5501,21.49,48801.0
2021-07-26,21.4,21.9185,20.87,21.04,391033.0
2021-07-27,20.99,21.335,20.17,21.07,284009.0
2021-07-28,21.24,21.24,20.52,20.65,42978.0
2021-07-29,20.85,21.25,20.165,21.07,83026.0
2021-07-30,20.88,21.153,20.26,20.64,90594.0
2021-08-02,20.9,20.9,19.91,19.98,222122.0
2021-08-03,19.82,20.465,18.13,20.1,925968.0
2021-08-04,20.3,20.89,19.15,19.32,51929.0
2021-08-05,20.0,20.22,19.24,20.05,41360.0
2021-08-06,19.93,21.2139,19.4744,20.15,22248.0
2021-08-09,20.35,21.06,19.67,20.11,43554.0
2021-08-10,20.06,20.9485,19.78,20.49,82372.0
2021-08-11,20.12,20.5,19.2729,20.06,72185.0
2021-08-12,19.65,21.18,19.58,20.89,203751.0
2021-08-13,21.12,21.12,19.39,20.38,65101.0
2021-08-16,19.343,21.1147,19.07,20.73,167135.0
2021-08-17,20.89,21.055,19.965,20.73,97797.0
2021-08-18,20.75,21.53,20.3,21.295,57988.0
2021-08-19,21.05,21.51,19.93,21.0,31919.0
2021-08-20,21.3,21.48,20.4643,21.07,21317.0
2021-08-23,21.2,21.51,20.5,21.14,51703.0
2021-08-24,21.01,21.24,20.5815,21.02,11577.0
2021-08-25,21.0,21.3945,20.61,20.66,50972.0
2021-08-26,20.67,20.98,20.255,20.75,198427.0
2021-08-27,20.65,21.24,20.36,20.88,15080.0
2021-08-30,20.88,21.44,20.7457,21.44,27124.0
2021-08-31,21.56,22.05,21.0169,22.05,24607.0
2021-09-01,22.22,22.59,21.77,22.16,24648.0
2021-09-02,22.0,23.4113,20.74,23.06,63531.0
2021-09-03,22.925,23.51,22.2701,23.11,9722.0
2021-09-07,23.2527,23.94,22.49,22.79,65687.0
2021-09-08,22.79,23.52,20.99,21.05,56397.0
2021-09-09,24.25,25.98,21.24,22.26,559109.0
2021-09-10,22.64,22.64,21.17,22.36,57836.0
2021-09-13,22.33,22.61,21.03,21.88,157034.0
2021-09-14,21.2,22.03,20.97,20.98,97060.0
2021-09-15,22.438,22.438,20.51,20.81,42079.0
2021-09-16,21.01,21.2,19.23,19.24,103910.0
2021-09-17,19.15,21.07,18.77,18.78,33556.0
2021-09-20,18.67,18.67,17.93,18.2,22829.0
2021-09-21,18.34,19.2,17.44,18.25,81641.0
2021-09-22,17.555,19.23,17.36,18.05,563892.0
2021-09-23,18.4,20.0,17.44,18.79,188332.0
2021-09-24,18.93,20.02,17.745,18.9,232783.0
2021-09-27,18.65,19.5,17.32,18.03,326413.0
2021-09-28,17.95,18.65,17.1,18.23,58779.0
2021-09-29,17.84,18.4,17.4,17.74,26363.0
2021-09-30,17.9,18.4413,16.41,16.7,281429.0
2021-10-01,16.88,17.72,15.9,16.52,100457.0
2021-10-04,17.0,17.47,15.02,15.98,298274.0
2021-10-05,15.93,16.86,14.1504,15.91,612241.0
2021-10-06,15.96,16.24,14.79,14.85,79728.0
2021-10-07,15.16,16.0,14.24,14.3,143202.0
2021-10-08,14.25,14.45,13.37,13.67,146243.0
2021-10-11,13.8,14.4,13.34,13.74,228534.0
2021-10-12,13.59,14.44,13.59,14.21,1015282.0
2021-10-13,14.22,16.36,13.61,16.11,493475.0
2021-10-14,16.02,16.4199,15.25,16.18,440242.0
2021-10-15,16.03,17.14,15.81,16.8,279785.0
2021-10-18,16.8,17.165,16.11,16.21,96660.0
2021-10-19,16.33,16.77,16.03,16.76,34529.0
2021-10-20,16.63,16.66,16.26,16.38,23253.0
2021-10-21,16.39,17.73,16.32,16.59,99997.0
2021-10-22,16.5,17.08,15.23,17.0,162244.0
2021-10-25,16.8,17.185,16.1,16.93,52048.0
2021-10-26,17.48,17.48,16.15,16.27,49913.0
2021-10-27,16.27,16.485,15.71,16.23,56805.0
2021-10-28,16.1,17.63,15.8,17.54,210384.0
2021-10-29,17.2,17.46,16.61,17.2,197827.0
2021-11-01,15.21,15.25,13.69,14.01,1177206.0
2021-11-02,14.01,14.34,12.86,13.06,228330.0
2021-11-03,12.99,13.47,12.64,13.07,166814.0
2021-11-04,13.31,13.415,12.7,13.12,66910.0
2021-11-05,13.05,13.47,12.63,13.03,406331.0
2021-11-08,13.05,13.38,12.6,12.9,106218.0
2021-11-09,12.75,12.93,12.4006,12.67,82059.0
2021-11-10,12.8,12.99,12.13,12.26,80154.0
2021-11-11,12.48,12.48,11.84,12.2,58787.0
2021-11-12,12.27,12.8,12.0392,12.23,83804.0
2021-11-15,12.32,12.49,11.06,11.92,337396.0
2021-11-16,12.1,12.59,11.95,12.54,144267.0
2021-11-17,12.52,13.54,11.81,13.0,203969.0
2021-11-18,13.19,13.5802,11.64,11.84,253154.0
2021-11-19,12.56,13.5,12.33,13.37,187095.0
2021-11-22,13.51,13.8699,11.55,11.62,203257.0
2021-11-23,11.78,11.78,11.0,11.43,109034.0
2021-11-24,11.36,12.365,10.71,11.38,500329.0
2021-11-26,11.4,11.75,11.08,11.6,60575.0
2021-11-29,12.12,12.25,10.5,11.56,386143.0
2021-11-30,11.66,12.08,11.0683,11.85,214663.0
2021-12-01,12.14,13.3,12.12,12.39,366298.0
2021-12-02,12.46,13.11,12.04,12.75,221834.0
2021-12-03,13.2,13.83,12.445,12.72,297172.0
2021-12-06,12.67,12.67,11.69,12.01,169832.0
2021-12-07,12.57,13.82,12.29,13.1,236884.0
2021-12-08,13.26,13.649,12.82,12.97,198507.0
2021-12-09,12.95,13.23,12.35,12.51,102959.0
2021-12-10,12.57,12.88,12.34,12.36,145277.0
2021-12-13,12.54,12.9,11.8,12.25,147770.0
2021-12-14,11.82,12.7,10.575,11.1,177154.0
2021-12-15,11.1,11.12,10.31,11.02,155787.0
2021-12-16,11.1,11.45,10.8,10.99,98316.0
2021-12-17,10.98,12.3,10.3973,11.64,565114.0
2021-12-20,11.43,11.68,11.27,11.33,103548.0
2021-12-21,11.39,12.54,11.36,12.47,126848.0
2021-12-22,12.51,12.81,12.27,12.39,140519.0
2021-12-23,12.45,12.65,12.22,12.49,71248.0
2021-12-27,12.55,13.17,12.13,12.43,125650.0
2021-12-28,12.43,12.53,11.44,11.55,133306.0
2021-12-29,11.43,11.65,11.2,11.6,132250.0
2021-12-30,11.48,12.0,11.48,11.75,84325.0
2021-12-31,11.73,11.94,11.24,11.26,47007.0
2022-01-03,11.18,11.81,10.86,11.59,47415.0
2022-01-04,11.33,11.49,10.7135,10.79,49910.0
2022-01-05,10.75,10.8,9.735,9.76,139094.0
2022-01-06,9.79,9.96,8.61,8.99,787890.0
2022-01-07,8.94,9.1736,8.7201,8.86,449715.0
2022-01-10,8.75,9.1292,8.58,9.0,191063.0
2022-01-11,9.05,9.54,8.65,9.32,75415.0
2022-01-12,9.35,9.39,8.88,9.05,238770.0
2022-01-13,9.07,9.2679,8.92,8.93,40261.0
2022-01-14,8.9,9.025,8.76,8.91,291884.0
2022-01-18,8.78,8.8126,8.47,8.71,133551.0
2022-01-19,8.7,9.24,8.5001,8.93,117487.0
2022-01-20,9.03,9.5,8.795,8.87,378182.0
2022-01-21,8.8,9.11,8.61,8.99,357100.0
2022-01-24,8.79,9.15,8.5,8.88,434345.0
2022-01-25,8.7,9.47,8.53,9.4,109797.0
2022-01-26,9.58,9.9,9.06,9.36,173694.0
2022-01-27,9.31,9.58,8.68,8.9,232525.0
2022-01-28,8.85,9.45,8.5,9.32,148558.0
2022-01-31,9.33,9.78,9.33,9.53,91478.0
2022-02-01,9.68,9.68,9.26,9.53,134975.0
2022-02-02,9.92,10.05,9.51,9.56,113368.0
2022-02-03,9.53,9.65,9.23,9.4,71026.0
2022-02-04,9.45,10.07,9.25,9.97,85032.0
2022-02-07,10.0,10.16,9.725,9.77,74094.0
2022-02-08,9.77,10.21,9.39,10.2,66909.0
2022-02-09,10.39,10.81,10.01,10.78,143854.0
2022-02-10,10.54,11.19,10.4501,10.67,158437.0
2022-02-11,10.54,10.58,9.45,9.51,106194.0
2022-02-14,9.32,9.56,9.16,9.41,63092.0
2022-02-15,9.62,10.23,9.4088,10.2,110549.0
2022-02-16,9.98,10.15,9.62,9.86,157779.0
2022-02-17,9.73,9.73,9.38,9.58,157327.0
2022-02-18,9.58,9.77,8.86,9.13,200686.0
2022-02-22,9.04,9.5,8.61,9.1,275809.0
2022-02-23,9.21,9.32,8.76,9.2,102094.0
2022-02-24,8.77,9.61,8.72,9.51,129574.0
2022-02-25,9.54,9.54,8.71,9.27,163243.0
2022-02-28,9.27,9.355,8.83,8.92,221759.0
2022-03-01,8.75,9.295,8.55,8.79,100241.0
2022-03-02,8.85,9.255,8.53,8.8,45728.0
2022-03-03,8.8,8.955,7.88,8.18,184712.0
2022-03-04,8.19,8.51,7.61,7.7,184045.0
2022-03-07,7.76,8.59,7.01,7.45,237731.0
2022-03-08,7.37,8.16,7.13,7.61,183806.0
2022-03-09,7.88,8.49,7.58,8.33,116109.0
2022-03-10,8.13,8.59,7.74,8.49,66899.0
2022-03-11,8.6056,8.6056,7.93,8.07,50218.0
2022-03-14,7.99,8.09,7.24,7.56,155431.0
2022-03-15,7.56,7.88,7.5,7.84,141777.0
2022-03-16,7.97,8.57,7.61,8.56,89304.0
2022-03-17,8.48,8.83,8.3,8.77,50180.0
2022-03-18,8.83,9.15,8.6,9.0,142452.0
2022-03-21,8.99,9.5,8.35,8.54,127167.0
2022-03-22,8.56,8.97,8.52,8.94,98825.0
2022-03-23,8.94,9.11,8.695,8.99,82608.0
2022-03-24,9.14,9.24,8.78,9.11,86614.0
2022-03-25,9.18,9.32,8.62,8.84,89639.0
2022-03-28,8.94,9.49,8.41,8.9,179300.0
2022-03-29,8.93,9.24,8.5,8.99,152332.0
2022-03-30,9.02,9.09,8.83,9.03,132740.0
2022-03-31,9.11,9.195,8.59,8.97,265783.0
2022-04-01,8.98,9.16,8.64,9.08,673921.0
2022-04-04,9.12,9.95,9.12,9.85,192160.0
2022-04-05,9.91,9.91,9.3,9.57,163090.0
2022-04-06,9.26,9.89,9.26,9.73,34276.0
2022-04-07,9.73,9.795,9.1412,9.5,89648.0
2022-04-08,9.3959,9.89,9.25,9.63,215808.0
2022-04-11,9.46,9.82,9.14,9.53,115852.0
2022-04-12,9.66,9.67,9.05,9.25,210746.0
2022-04-13,9.31,9.48,8.82,8.97,231058.0
2022-04-14,9.04,9.335,8.64,8.9,109006.0
2022-04-18,8.81,8.81,8.4,8.7,74678.0
2022-04-19,8.72,9.22,8.72,9.22,114317.0
2022-04-20,9.27,9.525,8.89,9.37,82178.0
2022-04-21,9.49,9.53,8.74,9.03,208122.0
2022-04-22,9.01,9.185,8.72,9.0,55892.0
2022-04-25,9.11,9.16,8.59,9.05,65210.0
2022-04-26,8.99,8.99,8.43,8.44,73110.0
2022-04-27,8.39,8.88,8.2,8.58,106822.0
2022-04-28,8.78,9.41,8.48,8.85,115875.0
2022-04-29,8.78,8.99,8.61,8.72,156198.0
2022-05-02,8.76,8.9,8.35,8.68,106742.0
2022-05-03,8.63,8.8,8.44,8.75,109225.0
2022-05-04,8.76,9.19,8.26,8.75,372001.0
2022-05-05,8.69,8.69,8.23,8.49,254816.0
2022-05-06,8.24,8.3,7.84,7.99,105213.0
2022-05-09,7.8,7.955,7.38,7.47,142494.0
2022-05-10,7.68,8.22,7.29,7.31,265880.0
2022-05-11,7.21,7.3,5.98,6.01,241068.0
2022-05-12,5.88,6.23,5.48,5.54,421260.0
2022-05-13,5.66,5.87,5.37,5.4,517736.0
2022-05-16,5.33,5.57,5.02,5.16,133879.0
2022-05-17,5.3,5.66,5.215,5.51,338248.0
2022-05-18,5.4,5.49,4.945,5.05,345526.0
2022-05-19,5.0,5.5,4.87,4.89,27363.0
2022-05-20,4.92,4.92,4.54,4.55,130001.0
2022-05-23,4.8014,4.8014,4.4,4.49,200543.0
2022-05-24,4.39,4.48,4.19,4.34,56396.0
2022-05-25,4.29,4.82,4.05,4.12,276812.0
2022-05-26,4.1,4.4,4.07,4.27,115515.0
2022-05-27,4.25,4.37,4.12,4.18,653710.0
2022-05-31,4.22,4.58,4.22,4.5,276575.0
2022-06-01,4.5,4.745,4.43,4.5,384428.0
2022-06-02,4.44,4.49,3.22,3.25,1523158.0
2022-06-03,3.14,3.41,2.885,3.23,771515.0
2022-06-06,3.34,3.36,3.17,3.18,5782604.0
2022-06-07,3.12,3.43,3.11,3.41,322975.0
2022-06-08,3.41,3.9,3.26,3.69,444994.0
2022-06-09,3.69,3.87,3.57,3.69,233027.0
2022-06-10,3.64,3.87,3.61,3.78,201114.0
2022-06-13,3.66,3.86,3.59,3.81,141034.0
2022-06-14,3.89,4.08,3.89,3.96,126857.0
2022-06-15,3.96,4.28,3.9163,4.26,147858.0
2022-06-16,4.22,4.3,3.94,4.14,86755.0
2022-06-17,4.25,5.14,4.1701,4.93,346068.0
2022-06-21,4.93,5.27,4.76,4.87,133007.0
2022-06-22,4.91,5.2,4.8701,5.05,57486.0
2022-06-23,5.05,5.2212,4.73,4.89,78863.0
2022-06-24,4.92,4.9641,4.57,4.6,85086.0
2022-06-27,4.56,4.59,4.37,4.52,81011.0
2022-06-28,4.66,4.84,4.56,4.61,64011.0
2022-06-29,4.64,5.21,4.56,4.99,119163.0
2022-06-30,5.01,5.02,4.77,4.87,117000.0
2022-07-01,4.92,5.46,4.92,5.17,90914.0
2022-07-05,4.88,5.25,4.83,4.98,72302.0
2022-07-06,5.05,5.05,4.73,4.86,34111.0
2022-07-07,4.95,5.93,4.87,5.74,185624.0
2022-07-08,5.7,6.09,5.4866,5.91,61946.0
2022-07-11,5.94,6.04,5.225,5.27,180533.0
2022-07-12,5.35,5.97,4.91,5.05,31603.0
2022-07-13,4.82,5.75,4.82,5.25,55022.0
2022-07-14,5.25,5.25,4.98,4.98,13259.0
2022-07-15,5.02,5.31,4.93,5.21,13177.0
2022-07-18,5.4,5.4,4.75,5.06,90855.0
2022-07-19,5.29,5.34,4.81,5.0,53519.0
2022-07-20,4.92,5.36,4.9,5.36,1177082.0
2022-07-21,5.3,5.54,5.17,5.21,46910.0
2022-07-22,5.27,5.27,4.42,4.51,34724.0
2022-07-25,4.455,4.77,4.385,4.53,43905.0
2022-07-26,4.52,4.6641,4.34,4.41,23597.0
2022-07-27,4.54,4.625,4.08,4.55,61848.0
2022-07-28,4.47,4.8,4.28,4.33,147958.0
2022-07-29,4.29,4.5768,4.06,4.32,422491.0
2022-08-01,4.33,4.5999,4.18,4.47,46615.0
2022-08-02,4.45,4.79,4.3218,4.52,255139.0
2022-08-03,4.53,4.77,4.39,4.74,30321.0
2022-08-04,4.81,5.2,4.75,5.12,31829.0
2022-08-05,5.08,5.62,4.88,5.41,31993.0
2022-08-08,5.5,5.675,4.94,5.18,105047.0
2022-08-09,5.15,5.69,5.01,5.01,48745.0
2022-08-10,4.81,4.84,4.29,4.75,96316.0
2022-08-11,4.71,5.082,4.22,4.28,40261.0
2022-08-12,4.17,4.42,4.01,4.26,29827.0
2022-08-15,4.18,4.365,3.89,3.89,108880.0
2022-08-16,3.96,4.5225,3.96,4.28,156908.0
2022-08-17,4.28,4.5,4.22,4.24,134172.0
2022-08-18,4.3,4.53,4.29,4.32,144990.0
2022-08-19,4.14,4.26,3.79,3.84,54052.0
2022-08-22,3.88,3.9599,3.6166,3.8,301257.0
2022-08-23,3.77,3.99,3.63,3.86,133212.0
2022-08-24,3.86,3.9637,3.8,3.93,139979.0
2022-08-25,3.92,4.06,3.83,3.98,76008.0
2022-08-26,4.0,4.1,3.9,3.95,676662.0
2022-08-29,3.93,4.06,3.82,4.02,270169.0
2022-08-30,4.02,4.35,3.94,4.13,643343.0
2022-08-31,4.09,4.43,4.03,4.35,226600.0
2022-09-01,4.35,4.6499,4.31,4.54,120752.0
2022-09-02,4.5,4.86,4.5,4.71,70237.0
2022-09-06,4.66,4.93,4.66,4.74,200515.0
2022-09-07,4.67,4.85,4.19,4.19,249546.0
2022-09-08,4.13,4.8,4.02,4.09,52985.0
2022-09-09,4.08,4.15,3.94,4.04,113018.0
2022-09-12,4.05,4.13,3.97,4.08,38513.0
2022-09-13,4.01,4.44,3.95,4.26,706218.0
2022-09-14,4.3,4.71,4.085,4.64,281024.0
2022-09-15,4.59,4.99,4.25,4.75,416482.0
2022-09-16,4.75,4.75,4.25,4.31,103503.0
2022-09-19,4.25,4.67,4.2,4.65,174014.0
2022-09-20,4.61,4.61,4.31,4.58,127807.0
2022-09-21,4.52,4.7,4.4,4.52,146957.0
2022-09-22,4.52,4.52,4.27,4.34,42494.0
2022-09-23,4.28,4.43,4.0,4.34,97913.0
2022-09-26,4.33,4.49,4.2375,4.48,152972.0
2022-09-27,4.45,4.6,4.25,4.48,398353.0
2022-09-28,4.5,4.7,4.3,4.67,151671.0
2022-09-29,4.65,4.65,4.195,4.25,66981.0
2022-09-30,4.15,4.255,3.89,4.02,319683.0
2022-10-03,3.96,4.36,3.73,4.06,312275.0
2022-10-04,4.2,4.21,3.84,3.98,64736.0
2022-10-05,3.93,3.93,3.75,3.86,36925.0
2022-10-06,3.81,3.93,3.716,3.9,34210.0
2022-10-07,3.68,3.85,3.68,3.8,18703.0
2022-10-10,3.7,4.02,3.68,3.88,97408.0
2022-10-11,3.85,4.12,3.8,4.01,417025.0
2022-10-12,4.04,4.04,3.81,4.03,22486.0
2022-10-13,3.95,4.23,3.77,4.19,135074.0
2022-10-14,4.22,4.25,3.8622,4.01,111482.0
2022-10-17,4.02,4.03,3.77,3.82,32747.0
2022-10-18,3.8,3.91,3.7,3.75,22239.0
2022-10-19,3.77,3.835,3.52,3.57,78351.0
2022-10-20,3.52,4.03,3.52,3.92,133658.0
2022-10-21,3.93,3.93,3.52,3.69,1041019.0
2022-10-24,3.64,3.79,3.49,3.56,28829.0
2022-10-25,3.6,4.03,3.6,4.0,703929.0
2022-10-26,3.99,4.13,3.945,3.99,213177.0
2022-10-27,3.99,4.05,3.84,3.88,35695.0
2022-10-28,3.9,4.24,3.85,4.0,33082.0
2022-10-31,3.98,4.095,3.94,3.97,36496.0
2022-11-01,4.0,4.51,3.92,4.16,123218.0
2022-11-02,4.16,4.18,3.97,4.11,56830.0
2022-11-03,4.07,4.07,3.83,3.96,23515.0
2022-11-04,4.0,4.0,3.545,3.69,30275.0
2022-11-07,3.76,3.76,3.53,3.58,29383.0
2022-11-08,3.61,3.69,3.326,3.38,27027.0
2022-11-09,3.4,3.53,3.36,3.37,31389.0
2022-11-10,3.51,3.61,3.4,3.46,167329.0
2022-11-11,3.51,3.685,3.4408,3.55,17237.0
2022-11-14,3.49,3.67,3.4,3.52,484042.0
2022-11-15,3.51,3.6,3.5,3.53,18095.0
2022-11-16,3.55,3.6,3.43,3.44,49896.0
2022-11-17,3.51,3.54,3.445,3.54,26261.0
2022-11-18,3.56,3.69,3.45,3.51,79114.0
2022-11-21,3.51,3.86,3.45,3.57,121735.0
2022-11-22,3.57,3.98,3.55,3.93,41597.0
2022-11-23,3.9,4.09,3.9,3.99,70596.0
2022-11-25,3.93,4.09,3.92,4.05,83661.0
2022-11-28,4.12,4.17,3.9,3.98,71323.0
2022-11-29,3.98,4.025,3.72,3.89,63313.0
2022-11-30,3.93,4.01,3.9,4.0,50599.0
2022-12-01,3.89,4.08,3.83,4.01,67929.0
2022-12-02,3.95,3.95,3.78,3.86,14504.0
2022-12-05,3.83,4.01,3.78,3.93,49935.0
2022-12-06,3.95,4.1532,3.63,3.76,70809.0
2022-12-07,3.72,3.76,3.55,3.58,27062.0
2022-12-08,3.62,3.8,3.62,3.65,82029.0
2022-12-09,3.57,4.05,3.57,3.88,30640.0
2022-12-12,3.97,4.02,3.57,3.83,76226.0
2022-12-13,3.9,3.94,3.64,3.75,46416.0
2022-12-14,3.72,3.83,3.55,3.55,42506.0
2022-12-15,3.59,3.91,3.3,3.52,49687.0
2022-12-16,3.46,3.54,3.09,3.26,130822.0
2022-12-19,3.2,3.32,3.0815,3.27,45877.0
2022-12-20,3.39,3.48,3.0,3.05,125222.0
2022-12-21,3.05,3.36,3.05,3.25,39934.0
2022-12-22,3.1001,3.325,3.1001,3.25,7487.0
2022-12-23,3.25,3.37,3.25,3.28,14839.0
2022-12-27,3.32,3.41,3.26,3.28,115016.0
2022-12-28,3.25,3.32,3.075,3.15,72326.0
2022-12-29,3.305,3.35,3.19,3.23,68901.0
2022-12-30,3.2,3.5,3.0,3.1,511965.0
2023-01-03,3.22,3.415,3.13,3.13,123733.0
2023-01-04,3.29,3.33,3.05,3.28,94454.0
2023-01-05,3.22,3.25,3.02,3.2,27541.0
2023-01-06,3.2,3.35,3.2,3.34,32000.0
2023-01-09,3.42,3.42,3.1702,3.19,33260.0
2023-01-10,3.15,3.52,3.13,3.41,68053.0
2023-01-11,3.45,3.75,3.38,3.73,219403.0
2023-01-12,3.73,3.79,3.53,3.75,135732.0
2023-01-13,3.985,3.985,3.55,3.7,319190.0
2023-01-17,3.71,3.99,3.61,3.96,389901.0
2023-01-18,3.92,4.0,3.6,3.8,105384.0
2023-01-19,3.8,4.0,3.75,3.96,36556.0
2023-01-20,3.96,3.98,3.56,3.92,66616.0
2023-01-23,3.87,3.99,3.74,3.87,30554.0
2023-01-24,3.83,3.97,3.755,3.87,248459.0
2023-01-25,3.71,3.93,3.71,3.84,24273.0
2023-01-26,3.93,4.05,3.72,4.0,484945.0
2023-01-27,3.98,3.99,3.78,3.78,1216732.0
2023-01-30,3.77,3.89,3.74,3.81,100173.0
2023-01-31,3.82,4.02,3.75,4.0,132308.0
2023-02-01,4.0,4.0,3.55,3.85,102474.0
2023-02-02,3.85,3.94,3.4719,3.87,47825.0
2023-02-03,3.86,3.86,3.5,3.62,66904.0
2023-02-06,3.62,3.75,3.52,3.75,60805.0
2023-02-07,3.625,3.75,3.595,3.72,32032.0
2023-02-08,3.61,3.79,3.545,3.62,65109.0
2023-02-09,3.6001,3.7,3.57,3.64,26218.0
2023-02-10,3.53,3.76,3.42,3.64,101650.0
2023-02-13,3.6,3.69,3.42,3.42,80700.0
2023-02-14,3.4,3.51,3.15,3.28,56236.0
2023-02-15,3.25,3.39,3.13,3.16,74086.0
2023-02-16,3.2499,3.2499,3.0,3.03,59091.0
2023-02-17,3.05,3.165,3.0,3.1,145052.0
2023-02-21,3.1,3.12,3.0,3.05,175483.0
2023-02-22,3.05,3.28,3.05,3.28,303696.0
2023-02-23,3.34,3.38,3.17,3.37,810437.0
2023-02-24,3.28,3.4,3.09,3.33,422613.0
2023-02-27,3.4,3.525,3.235,3.52,614340.0
2023-02-28,3.44,3.52,3.3201,3.52,384276.0
2023-03-01,3.47,3.55,3.03,3.5,213579.0
2023-03-02,3.43,3.68,3.34,3.61,59960.0
2023-03-03,3.61,3.85,3.4819,3.78,91754.0
2023-03-06,3.67,3.81,3.37,3.71,11762.0
2023-03-07,3.72,3.89,3.6173,3.86,69658.0
2023-03-08,3.89,3.9,3.595,3.9,68425.0
2023-03-09,3.94,3.98,3.84,3.86,63463.0
2023-03-10,3.674,3.75,3.56,3.63,62665.0
2023-03-13,3.57,3.82,3.5021,3.79,40385.0
2023-03-14,3.83,3.96,3.83,3.95,40167.0
2023-03-15,3.95,4.0,3.7801,3.87,265955.0
2023-03-16,3.69,4.01,3.56,4.0,607464.0
2023-03-17,4.04,4.04,3.6435,3.9,148080.0
2023-03-20,3.83,3.93,3.7301,3.9,72332.0
2023-03-21,3.9,4.0196,3.82,3.95,82581.0
2023-03-22,3.91,3.99,3.64,3.65,17346.0
2023-03-23,3.65,3.805,3.38,3.57,43236.0
2023-03-24,3.64,3.79,3.4,3.75,71357.0
2023-03-27,3.9184,3.925,3.8,3.83,32723.0
2023-03-28,3.77,3.9,3.675,3.88,23759.0
2023-03-29,3.95,3.95,3.78,3.9,72670.0
2023-03-30,4.15,4.15,3.63,3.9,334042.0
2023-03-31,3.99,3.99,3.6801,3.85,155144.0
2023-04-03,3.79,3.85,3.6,3.77,1030942.0
2023-04-04,3.8,3.84,3.64,3.78,92009.0
2023-04-05,3.71,3.85,3.57,3.8,89967.0
2023-04-06,3.8,3.84,3.68,3.82,73756.0
2023-04-10,3.82,3.83,3.52,3.8,102361.0
2023-04-11,3.77,3.82,3.615,3.8,90789.0
2023-04-12,3.78,3.9015,3.67,3.68,178932.0
2023-04-13,3.66,3.85,3.65,3.81,89759.0
2023-04-14,3.86,4.05,3.8,4.02,437550.0
2023-04-17,3.97,4.25,3.84,4.19,130636.0
2023-04-18,4.2217,4.66,4.08,4.54,196812.0
2023-04-19,4.6,4.94,4.26,4.82,960352.0
2023-04-20,4.85,5.36,4.69,4.96,141725.0
2023-04-21,4.9,5.08,4.63,4.97,57167.0
2023-04-24,5.0,5.0,4.6,4.78,17933.0
2023-04-25,4.68,5.07,4.6,4.97,39836.0
2023-04-26,5.03,5.0404,4.69,4.73,75155.0
2023-04-27,4.77,4.77,4.44,4.46,106951.0
2023-04-28,4.02,5.0,4.02,4.72,111965.0
2023-05-01,4.7,4.81,4.28,4.68,113665.0
2023-05-02,4.68,4.72,4.2439,4.56,107340.0
2023-05-03,4.38,4.74,4.34,4.34,105707.0
2023-05-04,4.7,4.7,4.3625,4.47,32991.0
2023-05-05,4.47,4.705,4.47,4.69,40734.0
2023-05-08,4.75,4.76,4.45,4.48,87284.0
2023-05-09,4.42,4.71,4.3106,4.67,39772.0
2023-05-10,4.66,4.84,4.4561,4.62,467567.0
2023-05-11,4.67,4.8299,4.2124,4.63,184984.0
2023-05-12,4.56,4.7,4.39,4.65,99027.0
2023-05-15,4.68,4.99,4.53,4.64,154796.0
2023-05-16,4.4248,4.75,4.38,4.47,149035.0
2023-05-17,4.54,4.71,4.42,4.67,71857.0
2023-05-18,4.75,4.75,4.4,4.4,136848.0
2023-05-19,4.57,4.68,4.3001,4.59,39845.0
2023-05-22,4.95,4.9551,4.5091,4.72,300342.0
2023-05-23,4.75,4.78,4.47,4.47,195556.0
2023-05-24,4.44,4.65,4.2518,4.57,175763.0
2023-05-25,4.375,4.59,3.96,4.29,76508.0
2023-05-26,4.39,4.45,4.11,4.32,23840.0
2023-05-30,4.47,4.6,4.41,4.57,29467.0
2023-05-31,4.48,4.5892,4.37,4.51,28788.0
2023-06-01,4.53,4.69,4.34,4.66,53885.0
2023-06-02,4.73,4.76,4.3,4.5,156718.0
2023-06-05,4.51,4.53,4.34,4.46,91837.0
2023-06-06,4.55,4.74,4.49,4.65,184525.0
2023-06-07,4.59,4.66,4.51,4.64,104224.0
2023-06-08,4.62,4.71,4.53,4.61,74958.0
2023-06-09,4.61,4.8,4.53,4.61,123705.0
2023-06-12,4.83,4.84,4.5,4.64,62320.0
2023-06-13,4.64,4.75,4.61,4.68,119264.0
2023-06-14,4.65,4.92,4.5,4.91,229621.0
2023-06-15,4.95,5.48,4.75,5.44,48661.0
2023-06-16,5.51,5.7,5.45,5.68,117039.0
2023-06-20,5.7,5.7,4.9101,5.5,183290.0
2023-06-21,5.7,5.7,5.47,5.685,209243.0
2023-06-22,5.6,6.575,5.2,6.35,491767.0
2023-06-23,6.22,7.2,5.95,6.6,428654.0
2023-06-26,6.59,7.1,6.265,6.9,237374.0
2023-06-27,6.99,6.99,5.85,5.98,437606.0
2023-06-28,5.98,6.14,5.7101,6.14,80095.0
2023-06-29,6.07,6.2528,5.2359,5.9001,118823.0
2023-06-30,5.99,6.28,5.85,6.19,132665.0
2023-07-03,6.28,6.325,5.77,6.05,25748.0
2023-07-05,6.0,6.28,5.81,6.04,48605.0
2023-07-06,6.0,6.17,5.9,6.01,20556.0
2023-07-07,6.1,6.32,5.8,6.15,8270.0
2023-07-10,6.04,6.47,5.9369,6.46,46890.0
2023-07-11,6.5,7.35,6.46,7.3,308220.0
2023-07-12,7.8,8.65,7.74,8.24,472923.0
2023-07-13,8.5,8.5,7.36,7.48,506200.0
2023-07-14,8.06,8.06,7.34,7.57,89210.0
2023-07-17,7.63,8.0,7.42,7.93,85483.0
2023-07-18,8.0,8.19,7.3,7.69,132510.0
2023-07-19,7.72,7.934,7.33,7.49,103053.0
2023-07-20,7.51,7.84,7.25,7.29,85292.0
2023-07-21,7.49,7.63,6.77,7.3,133738.0
2023-07-24,7.41,7.41,6.57,6.74,150647.0
2023-07-25,7.09,7.24,6.83,7.14,118092.0
2023-07-26,7.29,7.7513,7.05,7.35,59725.0
2023-07-27,7.26,7.495,6.58,6.73,293347.0
2023-07-28,6.7,7.97,6.5413,7.97,241779.0
2023-07-31,7.98,8.22,7.52,7.9,62199.0
2023-08-01,7.84,7.84,7.1,7.41,83319.0
2023-08-02,7.36,7.7667,6.71,7.03,2271858.0
2023-08-03,6.88,7.825,6.75,7.59,70286.0
2023-08-04,7.61,8.0899,7.425,7.77,64664.0
2023-08-07,7.68,7.68,6.27,6.38,194997.0
2023-08-08,6.32,6.87,6.15,6.35,201926.0
2023-08-09,6.35,7.41,6.35,6.5,170129.0
2023-08-10,6.46,7.4109,6.31,6.54,188485.0
2023-08-11,6.5,7.0115,6.44,6.67,100569.0
2023-08-14,6.87,6.87,6.4,6.62,75562.0
2023-08-15,6.75,6.95,6.595,6.91,34133.0
2023-08-16,6.82,6.99,6.56,6.56,37339.0
2023-08-17,6.57,6.74,6.08,6.25,97267.0
2023-08-18,6.17,6.77,6.0838,6.39,27309.0
2023-08-21,6.27,7.0,6.11,6.81,58313.0
2023-08-22,6.81,7.11,6.4,6.4,83863.0
2023-08-23,6.32,7.01,6.24,6.7,43556.0
2023-08-24,6.79,6.9238,6.42,6.59,27387.0
2023-08-25,6.6,7.01,6.59,6.8,19325.0
2023-08-28,6.8,7.01,6.52,6.56,28941.0
2023-08-29,6.52,7.17,6.14,6.74,102228.0
2023-08-30,6.74,7.28,6.7,7.09,31280.0
2023-08-31,7.13,7.68,6.8006,7.54,61202.0
2023-09-01,7.68,7.8,7.1269,7.68,166429.0
2023-09-05,7.68,7.68,7.1501,7.27,68822.0
2023-09-06,7.26,7.26,6.48,6.9,90527.0
2023-09-07,6.745,7.0,6.56,6.96,29928.0
2023-09-08,6.89,7.035,6.355,6.46,70670.0
2023-09-11,6.43,6.69,6.1001,6.56,44411.0
2023-09-12,6.68,6.72,6.39,6.72,27448.0
2023-09-13,6.77,6.78,6.5818,6.74,41201.0
2023-09-14,6.7,7.06,6.48,7.06,52731.0
2023-09-15,6.95,7.025,6.53,6.96,92299.0
2023-09-18,7.03,7.03,6.43,6.49,50604.0
2023-09-19,6.41,6.74,6.23,6.59,66067.0
2023-09-20,6.5,6.79,6.0,6.19,259126.0
2023-09-21,6.03,6.31,5.87,6.095,90430.0
2023-09-22,6.01,6.23,5.5613,6.08,138509.0
2023-09-25,5.94,6.325,5.89,6.14,34963.0
2023-09-26,6.12,6.365,5.95,6.06,41141.0
2023-09-27,6.06,6.52,5.94,6.36,35796.0
2023-09-28,6.24,6.4,6.02,6.22,27782.0
2023-09-29,6.38,6.6,6.07,6.47,44782.0
2023-10-02,6.4,6.4,5.18,5.62,217909.0
2023-10-03,5.69,5.8,5.15,5.52,125948.0
2023-10-04,5.54,6.15,5.4,5.88,73640.0
2023-10-05,5.98,6.1,5.49,5.84,238910.0
2023-10-06,5.65,6.14,5.33,6.01,184941.0
2023-10-09,5.98,6.33,5.74,6.28,28639.0
2023-10-10,6.15,6.5,5.94,6.25,27926.0
2023-10-11,6.24,6.305,5.96,6.07,18233.0
2023-10-12,6.09,6.31,5.825,6.14,32176.0
2023-10-13,6.25,6.425,5.94,6.01,22645.0
2023-10-16,5.66,6.3999,5.66,6.34,33253.0
2023-10-17,6.23,6.97,6.12,6.78,267033.0
2023-10-18,6.48,7.25,6.2096,7.01,179869.0
2023-10-19,6.96,7.02,6.505,6.77,47701.0
2023-10-20,6.58,7.04,6.0001,6.83,27040.0
2023-10-23,6.71,7.08,6.26,6.49,75378.0
2023-10-24,6.47,6.93,6.19,6.64,33238.0
2023-10-25,6.8421,6.8513,6.06,6.24,556879.0
2023-10-26,7.06,7.445,6.33,6.79,179140.0
2023-10-27,6.77,7.08,5.99,6.15,111947.0
2023-10-30,6.18,6.91,6.18,6.6,380555.0
2023-10-31,6.5,6.795,6.15,6.57,81888.0
2023-11-01,6.45,7.18,6.41,6.85,301422.0
2023-11-02,6.81,7.37,6.6,6.85,119386.0
2023-11-03,7.06,7.5,6.63,7.35,500226.0
2023-11-06,7.23,7.325,6.83,7.05,506481.0
2023-11-07,7.0,7.28,6.93,7.17,104270.0
2023-11-08,7.07,7.12,6.56,6.8,115732.0
2023-11-09,6.7,6.845,6.01,6.28,121961.0
2023-11-10,6.21,6.33,6.075,6.21,43766.0
2023-11-13,6.09,6.6,5.78,6.24,44911.0
2023-11-14,6.48,6.82,6.33,6.63,26661.0
2023-11-15,7.48,7.75,7.2,7.21,167097.0
2023-11-16,7.35,7.39,6.859,6.98,64901.0
2023-11-17,7.06,7.18,6.26,7.04,170495.0
2023-11-20,7.04,7.04,6.715,6.84,76457.0
2023-11-21,6.83,6.84,6.37,6.55,44553.0
2023-11-22,6.57,6.73,6.415,6.54,15440.0
2023-11-24,6.615,6.75,6.5383,6.75,8027.0
2023-11-27,6.74,6.75,6.3301,6.5,21648.0
2023-11-28,6.39,6.5036,5.91,6.0,217932.0
2023-11-29,6.11,6.37,5.79,5.92,344807.0
2023-11-30,6.08,6.255,5.73,6.0,167380.0
2023-12-01,6.05,6.87,5.583,6.7,1100043.0
2023-12-04,6.58,7.49,6.5239,7.1,141661.0
2023-12-05,7.0,7.0975,6.77,6.77,310782.0
2023-12-06,6.83,6.9,6.4,6.7,114333.0
2023-12-07,6.71,7.0,6.59,6.9,38814.0
2023-12-08,6.91,7.09,6.45,6.65,90461.0
2023-12-11,6.57,6.69,6.25,6.45,55668.0
2023-12-12,6.33,6.5875,6.15,6.4,100454.0
2023-12-13,6.49,6.78,6.29,6.65,120930.0
2023-12-14,6.8,7.25,6.8,7.0,228221.0
2023-12-15,7.11,7.71,6.83,7.11,159703.0
2023-12-18,7.02,7.44,6.83,6.88,97484.0
2023-12-19,6.88,7.75,6.88,7.7,145562.0
2023-12-20,7.69,8.17,7.28,7.43,147459.0
2023-12-21,7.57,7.59,7.21,7.42,32612.0
2023-12-22,7.56,8.225,7.48,8.0,83716.0
2023-12-26,8.05,8.05,7.85,7.95,56547.0
2023-12-27,8.0,8.1,7.9,7.99,326994.0
2023-12-28,7.99,8.5,7.97,8.03,320402.0
2023-12-29,7.98,8.2,7.9,7.96,58999.0
2024-01-02,8.01,8.2,7.71,8.03,72803.0
2024-01-03,8.03,8.085,7.62,7.82,18196.0
2024-01-04,7.82,8.1,7.28,7.29,244697.0
2024-01-05,7.28,7.54,6.7,6.73,297861.0
2024-01-08,6.72,7.33,6.72,7.1,236446.0
2024-01-09,6.95,7.57,6.89,7.3,142469.0
2024-01-10,7.29,7.62,6.9,6.97,74332.0
2024-01-11,6.91,7.3,6.65,6.91,193461.0
2024-01-12,6.92,7.26,6.8656,7.1,339871.0
2024-01-16,7.13,7.3,6.95,7.3,84559.0
2024-01-17,7.23,8.0,7.23,7.96,145592.0
2024-01-18,8.05,8.05,7.51,7.63,58691.0
2024-01-19,7.58,8.21,7.58,8.1,55529.0
2024-01-22,8.14,8.49,7.86,8.14,271878.0
2024-01-23,8.17,8.9,7.99,8.04,269863.0
2024-01-24,8.14,8.325,7.7501,8.0,1435939.0
2024-01-25,8.06,8.2,7.79,7.83,97655.0
2024-01-26,7.61,8.22,7.61,8.11,392959.0
2024-01-29,8.19,8.78,8.01,8.78,385617.0
2024-01-30,8.69,8.86,8.15,8.27,331847.0
2024-01-31,8.32,8.67,8.15,8.19,432908.0
2024-02-01,8.21,8.48,7.62,8.01,1520138.0
2024-02-02,7.89,8.119,7.71,7.87,213718.0
2024-02-05,7.72,8.3207,7.72,8.15,2236097.0
2024-02-06,8.08,8.4,8.0,8.12,213707.0
2024-02-07,7.93,8.215,7.5,7.57,278528.0
2024-02-08,7.63,7.88,7.38,7.46,132634.0
2024-02-09,9.0,9.404,8.35,9.26,3035610.0
2024-02-12,9.41,9.95,9.26,9.6,1027724.0
2024-02-13,9.39,9.59,9.0,9.5,905180.0
2024-02-14,9.65,10.2,9.53,10.18,1455895.0
2024-02-15,10.18,10.84,10.18,10.83,851893.0
2024-02-16,10.68,11.86,10.68,11.75,669990.0
2024-02-20,11.6,11.95,10.55,10.66,189475.0
2024-02-21,10.18,10.4991,10.0,10.4,979022.0
2024-02-22,10.5,11.32,10.41,10.75,180928.0
2024-02-23,10.9,11.18,10.415,11.01,327836.0
2024-02-26,11.0,11.795,10.99,11.29,282055.0
2024-02-27,11.31,11.7,11.0,11.36,187234.0
2024-02-28,11.23,11.4899,10.3,10.44,114801.0
2024-02-29,10.74,10.74,10.14,10.51,87093.0
2024-03-01,10.54,11.0,10.28,10.87,260984.0
2024-03-04,11.09,11.28,10.75,11.17,215000.0
2024-03-05,11.19,11.19,10.54,10.89,154085.0
2024-03-06,11.13,11.1509,10.57,11.03,142926.0
2024-03-07,11.26,11.64,10.8,11.06,204973.0
2024-03-08,11.1,11.31,10.96,11.03,85623.0
2024-03-11,10.93,10.93,9.71,9.75,249957.0
2024-03-12,9.79,10.99,9.79,10.86,195281.0
2024-03-13,10.93,11.1021,10.8,10.85,75254.0
2024-03-14,10.89,10.89,10.43,10.47,167984.0
2024-03-15,10.48,10.94,10.3,10.75,216667.0
2024-03-18,10.83,10.93,10.27,10.62,269541.0
2024-03-19,10.64,11.23,9.88,11.17,324719.0
2024-03-20,11.24,11.85,10.885,11.84,553422.0
2024-03-21,11.88,12.41,11.845,12.08,258685.0
2024-03-22,12.16,12.45,11.89,12.2,161278.0
2024-03-25,12.2,12.44,11.06,11.51,447535.0
2024-03-26,11.58,11.8,10.71,10.76,105064.0
2024-03-27,10.76,11.23,10.39,11.1,73471.0
2024-03-28,11.06,11.47,10.82,11.3,172360.0
2024-04-01,11.47,11.48,10.56,11.08,245371.0
2024-04-02,10.92,11.37,10.57,11.33,170191.0
2024-04-03,11.29,11.29,10.58,10.82,175259.0
2024-04-04,10.94,11.01,10.05,10.37,102434.0
2024-04-05,10.28,10.76,10.0601,10.75,133482.0
2024-04-08,10.75,10.85,10.2,10.75,69337.0
2024-04-09,10.8,11.33,10.8,11.305,114375.0
2024-04-10,10.84,11.23,10.84,11.15,90960.0
2024-04-11,11.2,12.25,10.93,11.87,157739.0
2024-04-12,11.97,11.97,10.94,11.32,186748.0
2024-04-15,11.34,11.38,10.73,10.78,72576.0
2024-04-16,10.66,11.32,10.53,11.03,197243.0
2024-04-17,11.14,11.25,10.73,10.78,120741.0
2024-04-18,10.68,10.835,10.37,10.53,109521.0
2024-04-19,10.37,10.66,10.26,10.57,163006.0
2024-04-22,10.9,10.9,9.7,10.0,210810.0
2024-04-23,10.0,10.17,9.37,9.4,200077.0
2024-04-24,9.42,9.53,8.68,9.46,2251501.0
2024-04-25,9.26,9.3866,8.9,8.93,286596.0
2024-04-26,8.9,9.1089,8.7,8.92,254924.0
2024-04-29,8.93,9.34,8.87,9.29,152754.0
2024-04-30,9.21,9.59,9.13,9.16,141262.0
2024-05-01,9.17,9.64,8.98,9.48,233752.0
2024-05-02,9.52,9.62,9.19,9.55,300033.0
2024-05-03,9.84,9.965,9.29,9.47,75657.0
2024-05-06,9.47,9.5,9.24,9.25,74239.0
2024-05-07,9.35,9.71,8.93,9.67,161793.0
2024-05-08,9.68,9.7,9.32,9.48,74605.0
2024-05-09,9.52,9.66,9.31,9.55,66810.0
2024-05-10,9.57,9.68,8.83,8.97,68436.0
2024-05-13,9.12,9.33,8.74,8.83,147251.0
2024-05-14,8.81,9.7,8.81,9.04,101985.0
2024-05-15,9.04,9.33,8.7,8.79,182736.0
2024-05-16,8.73,8.99,8.54,8.95,104620.0
2024-05-17,8.89,9.12,8.765,8.87,65974.0
2024-05-20,8.87,9.08,8.7,8.72,65586.0
2024-05-21,8.7,8.7,8.32,8.6,612133.0
2024-05-22,8.55,9.0,8.55,8.75,212155.0
2024-05-23,8.4,8.635,8.25,8.35,293347.0
2024-05-24,8.4,8.6,8.25,8.27,108684.0
2024-05-28,8.27,8.47,8.01,8.1,124654.0
2024-05-29,8.01,8.1,7.75,8.04,124098.0
2024-05-30,8.01,8.405,7.95,8.12,62414.0
2024-05-31,8.25,8.66,8.25,8.63,165406.0
2024-06-03,8.73,8.955,8.4,8.5,414363.0
2024-06-04,8.47,8.555,7.9,8.44,195618.0
2024-06-05,8.4,8.8902,8.29,8.8,86324.0
2024-06-06,8.72,8.96,8.655,8.92,142475.0
2024-06-07,8.91,9.02,8.61,8.8,128320.0
2024-06-10,8.75,9.23,8.71,9.08,152013.0
2024-06-11,9.29,9.527,9.23,9.33,112304.0
2024-06-12,9.6,10.02,9.37,9.7,299073.0
2024-06-13,9.76,10.1,9.75,9.93,322832.0
2024-06-14,9.84,10.24,9.83,10.18,191175.0
2024-06-17,10.19,10.2,9.1812,9.53,374121.0
2024-06-18,9.56,9.75,8.5,8.515,489425.0
2024-06-20,8.5,8.94,8.5,8.86,351029.0
2024-06-21,9.0,9.62,8.75,9.1,482399.0
2024-06-24,9.14,9.3,8.75,8.89,106720.0
2024-06-25,8.84,9.09,8.75,8.89,192537.0
2024-06-26,8.83,9.0,8.76,8.99,185144.0
2024-06-27,8.96,9.025,8.85,8.98,245937.0
2024-06-28,8.92,9.03,8.75,9.03,500351.0
2024-07-01,9.0,9.055,8.6,8.8,202816.0
2024-07-02,8.7,9.04,8.7,8.77,217972.0
2024-07-03,8.8,8.81,8.5,8.58,110226.0
2024-07-05,8.49,8.74,8.46,8.74,139692.0
2024-07-08,8.8,9.2,8.76,9.02,96234.0
2024-07-09,9.05,9.9025,9.05,9.79,501714.0
2024-07-10,9.94,10.0894,9.74,9.9,448547.0
2024-07-11,10.0,10.1,9.34,9.57,124637.0
2024-07-12,9.63,9.91,9.28,9.86,158528.0
2024-07-15,9.91,9.91,9.45,9.54,130462.0
2024-07-16,9.6,10.05,9.54,9.93,160322.0
2024-07-17,9.83,9.83,9.17,9.52,306060.0
2024-07-18,9.76,10.02,9.15,9.53,580057.0
2024-07-19,9.3,9.6,9.18,9.43,234732.0
2024-07-22,9.38,9.56,9.0,9.4,167727.0
2024-07-23,9.34,9.93,9.34,9.87,391082.0
2024-07-24,9.7,10.43,9.6139,10.24,371624.0
2024-07-25,10.1,10.325,10.005,10.29,175618.0
2024-07-26,10.29,10.82,10.175,10.78,822043.0
2024-07-29,10.91,11.12,10.64,10.65,251120.0
2024-07-30,10.63,11.0,10.225,10.61,128958.0
2024-07-31,10.66,10.805,10.4,10.53,132441.0
2024-08-01,10.58,10.58,10.04,10.29,98842.0
2024-08-02,10.06,10.17,9.41,10.07,265570.0
2024-08-05,9.34,10.32,9.1,10.28,297469.0
2024-08-06,10.31,10.9,10.15,10.75,191070.0
2024-08-07,10.89,11.05,10.47,10.91,266602.0
2024-08-08,10.96,11.42,10.7,11.4,160512.0
2024-08-09,11.42,11.61,10.95,11.04,332516.0
2024-08-12,11.1,11.25,10.43,10.55,221031.0
2024-08-13,10.53,11.02,10.2,11.01,440383.0
2024-08-14,11.35,12.935,11.04,12.6,1157167.0
2024-08-15,12.6,13.557,12.598,13.09,597178.0
2024-08-16,12.93,12.97,12.2,12.5,512461.0
2024-08-19,12.52,12.98,11.91,12.31,677898.0
2024-08-20,12.25,12.73,11.99,12.02,173503.0
2024-08-21,12.03,12.34,12.0,12.21,196826.0
2024-08-22,12.24,12.33,12.05,12.2,84011.0
2024-08-23,12.16,12.94,12.0,12.85,878985.0
2024-08-26,12.85,14.48,12.85,13.92,861717.0
2024-08-27,13.85,13.85,13.02,13.5,451368.0
2024-08-28,13.36,13.9,13.26,13.48,327480.0
2024-08-29,13.55,13.7,12.9405,13.04,298689.0
2024-08-30,13.08,13.66,12.95,13.5,376379.0
2024-09-03,13.56,13.63,13.03,13.5,323341.0
2024-09-04,13.34,14.91,13.25,14.63,969661.0
2024-09-05,14.61,14.61,13.63,14.6,538275.0
2024-09-06,14.66,14.8,13.83,14.3,150556.0
2024-09-09,14.72,15.25,14.55,14.93,329521.0
2024-09-10,16.2,17.25,13.97,14.58,5169315.0
2024-09-11,14.79,15.23,13.73,13.75,1280126.0
2024-09-12,13.85,15.33,12.94,15.1,1982429.0
2024-09-13,17.0,17.59,15.8,16.99,3351116.0
2024-09-16,17.5,17.5,15.63,16.46,745825.0
2024-09-17,16.5,16.5236,16.03,16.28,623887.0
2024-09-18,15.99,16.6,15.69,15.71,463280.0
2024-09-19,16.49,16.79,15.79,15.85,813107.0
2024-09-20,16.45,17.11,16.245,16.58,1433885.0
2024-09-23,16.77,16.82,15.2,15.57,699535.0
2024-09-24,15.58,16.06,15.47,15.52,392943.0
2024-09-25,15.8,15.94,15.26,15.34,430104.0
2024-09-26,15.28,15.925,15.2,15.67,611912.0
2024-09-27,15.79,16.5551,15.71,15.79,731275.0
2024-09-30,15.73,16.62,15.73,15.99,480641.0
2024-10-01,16.0,17.44,15.37,17.2,909942.0
2024-10-02,17.13,17.16,16.04,16.26,715992.0
2024-10-03,16.13,16.45,15.72,15.88,558199.0
2024-10-04,15.97,16.3,15.57,15.94,243652.0
2024-10-07,15.94,15.97,15.4638,15.51,197669.0
2024-10-08,15.54,16.09,15.4757,16.08,382531.0
2024-10-09,16.08,16.16,15.44,15.54,393620.0
2024-10-10,15.42,15.84,15.25,15.66,316165.0
2024-10-11,15.66,16.74,15.63,15.99,418630.0
2024-10-14,15.97,16.785,15.84,16.66,242145.0
2024-10-15,16.5,16.5,15.775,16.09,293267.0
2024-10-16,16.21,16.61,15.9301,16.29,224830.0
2024-10-17,16.31,16.31,15.57,15.81,247377.0
2024-10-18,15.77,16.47,15.51,16.05,433832.0
2024-10-21,15.94,16.245,15.6,15.79,279999.0
2024-10-22,15.91,16.11,15.27,15.46,292759.0
2024-10-23,15.46,15.47,15.09,15.15,216037.0
2024-10-24,15.21,15.86,15.0001,15.5,295865.0
2024-10-25,15.57,15.61,15.165,15.5,170175.0
2024-10-28,15.5,15.86,15.19,15.51,127921.0
2024-10-29,15.49,15.63,15.27,15.44,234415.0
2024-10-30,15.33,15.64,15.09,15.09,307723.0
2024-10-31,15.05,15.23,14.48,15.04,227648.0
2024-11-01,15.21,15.69,14.87,15.67,316532.0
2024-11-04,15.57,16.07,15.32,15.89,391134.0
2024-11-05,15.77,16.07,15.71,16.0,312318.0
2024-11-06,16.18,16.26,15.15,15.99,362220.0
2024-11-07,16.03,16.35,15.87,16.14,328417.0
2024-11-08,16.15,16.87,16.06,16.5,598945.0
2024-11-11,16.53,17.25,16.5125,16.73,449828.0
2024-11-12,16.68,17.79,16.68,17.0,1699261.0
2024-11-13,17.58,18.74,17.225,18.08,1282196.0
2024-11-14,17.5,17.9,16.83,17.5,650224.0
2024-11-15,17.79,17.79,15.95,16.0,730650.0
2024-11-18,15.63,16.1569,15.0,16.1,888365.0
2024-11-19,15.28,17.1,15.28,16.83,591844.0
2024-11-20,16.97,17.35,16.46,16.74,711485.0
2024-11-21,16.77,18.29,15.43,18.19,629378.0
2024-11-22,18.28,18.33,16.95,17.04,1110707.0
2024-11-25,17.39,18.23,16.82,17.1,956317.0
2024-11-26,17.0,17.45,16.43,17.3,559268.0
2024-11-27,17.3,17.73,17.3,17.6,510301.0
2024-11-29,17.92,18.14,17.468,17.91,608228.0
2024-12-02,17.82,17.82,16.92,16.95,519789.0
2024-12-03,16.92,17.56,16.85,17.12,510468.0
2024-12-04,17.18,17.4787,16.91,17.16,305288.0
2024-12-05,17.16,17.59,16.86,17.49,473317.0
2024-12-06,17.65,18.77,17.65,18.67,690784.0
2024-12-09,18.62,18.92,17.9535,18.06,657561.0
2024-12-10,18.0,18.97,16.89,17.04,625922.0
2024-12-11,17.15,17.25,16.6334,17.18,1231468.0
2024-12-12,17.25,17.34,16.4148,16.87,1112979.0
2024-12-13,16.89,17.1,16.375,16.57,873593.0
2024-12-16,16.57,16.85,15.88,16.75,599667.0
2024-12-17,16.75,18.12,16.6,17.6,816835.0
2024-12-18,17.47,17.89,16.24,16.51,578815.0
2024-12-19,16.56,17.59,16.02,17.55,581696.0
2024-12-20,17.55,17.94,16.94,17.16,791268.0
2024-12-23,16.91,18.0,16.5,17.53,411576.0
2024-12-24,17.54,17.7767,16.46,16.9,193914.0
2024-12-26,16.8,17.7,16.55,17.26,297252.0
2024-12-27,16.93,17.53,16.7979,16.95,262653.0
2024-12-30,16.61,16.725,16.21,16.35,171019.0
2024-12-31,16.42,17.0,15.45,16.75,644130.0
2025-01-02,16.79,17.51,16.61,17.5,520408.0
2025-01-03,17.6,18.0,16.77,17.01,586192.0
2025-01-06,16.87,17.01,16.36,16.74,310892.0
2025-01-07,17.12,17.5,16.4055,17.32,666884.0
2025-01-08,16.91,17.65,15.29,16.1,1280610.0
2025-01-10,15.92,15.98,15.265,15.64,442647.0
2025-01-13,15.46,15.46,14.66,15.26,506633.0
2025-01-14,15.33,15.49,14.44,14.84,299485.0
2025-01-15,15.12,15.62,15.09,15.4,282402.0
2025-01-16,15.4,15.64,14.85,14.87,516509.0
2025-01-17,14.87,15.82,14.61,15.16,459371.0
2025-01-21,15.29,16.64,14.96,16.46,556673.0
2025-01-22,16.47,16.83,16.335,16.68,165115.0
2025-01-23,16.62,16.92,16.28,16.28,436366.0
2025-01-24,16.3,16.615,15.6,16.46,750231.0
2025-01-27,16.3,16.8,15.9275,16.42,840355.0
2025-01-28,16.45,16.85,15.51,16.59,795172.0
2025-01-29,16.34,17.78,16.115,16.96,1249367.0
2025-01-30,16.7,17.53,16.36,16.91,631077.0
2025-01-31,16.97,17.26,16.125,16.92,799943.0
2025-02-03,16.49,17.16,15.56,16.9,504129.0
2025-02-04,16.9,16.965,16.22,16.41,461942.0
2025-02-05,16.25,17.28,16.25,17.24,339617.0
2025-02-06,17.31,18.1486,17.27,17.84,1097534.0
2025-02-07,17.87,19.09,17.7119,19.03,1506974.0
2025-02-10,18.99,18.99,16.85,17.79,2197905.0
2025-02-11,17.51,17.89,16.96,17.26,1097536.0
2025-02-12,16.95,18.14,16.95,18.0,1126768.0
2025-02-13,18.0,18.33,17.59,17.62,849576.0
2025-02-14,18.0,18.55,17.0,17.07,2100866.0
2025-02-18,17.07,17.47,15.61,16.26,1206357.0
2025-02-19,16.35,16.88,15.72,15.91,839275.0
2025-02-20,15.9,16.92,15.495,16.75,762965.0
2025-02-21,16.57,17.07,16.14,16.63,755954.0
2025-02-24,16.66,16.8,15.617,15.66,668608.0
2025-02-25,15.66,16.0,14.745,15.75,1275249.0
2025-02-26,15.74,16.21,15.475,15.91,699632.0
2025-02-27,15.92,16.2,15.02,15.06,775805.0
2025-02-28,15.05,16.1,14.62,15.55,1261322.0
2025-03-03,15.67,16.0,14.84,15.04,824498.0
2025-03-04,14.99,16.44,14.9,16.33,1235796.0
2025-03-05,16.49,17.1,16.095,16.96,1049332.0
2025-03-06,16.62,17.25,16.38,16.76,568529.0
2025-03-07,16.93,17.29,16.1,16.23,1090724.0
2025-03-10,16.01,16.01,15.3,15.8,1206804.0
2025-03-11,15.68,16.63,15.36,16.47,1290466.0
2025-03-12,16.62,17.16,16.475,17.06,1226639.0
2025-03-13,17.03,17.97,16.87,16.87,1246343.0
2025-03-14,16.5,17.5,16.27,17.14,1372754.0
2025-03-17,17.07,17.67,16.19,17.2,923118.0
2025-03-18,16.99,17.355,16.1701,16.51,882329.0
2025-03-19,16.43,17.1,16.12,16.77,632814.0
2025-03-20,16.35,17.11,16.2,16.29,759374.0
2025-03-21,16.09,16.635,15.7375,15.75,1555583.0
2025-03-24,15.5,16.865,15.5,16.63,971010.0
2025-03-25,16.53,16.6246,15.78,15.81,785408.0
2025-03-26,15.4,15.5,13.78,14.54,2499419.0
2025-03-27,14.5,15.03,14.32,14.51,675574.0
2025-03-28,14.62,15.04,14.37,14.59,620347.0
2025-03-31,14.74,14.89,13.75,14.38,855291.0
2025-04-01,14.34,14.34,13.01,13.23,1380137.0
2025-04-02,13.07,14.13,13.07,13.7,907471.0
2025-04-03,13.23,13.9499,12.78,13.06,1175116.0
2025-04-04,12.54,12.76,11.39,11.68,1581946.0
2025-04-07,11.04,11.86,10.5824,11.28,1447185.0
2025-04-08,11.44,12.39,10.51,10.71,1234487.0
2025-04-09,10.51,12.34,9.6,11.76,3156805.0
2025-04-10,11.74,11.78,10.45,11.27,1326242.0
2025-04-11,11.18,11.72,10.87,11.57,635858.0
2025-04-14,11.8,12.14,11.5001,11.94,766062.0
2025-04-15,11.83,12.815,11.75,11.94,594432.0
2025-04-16,11.88,12.11,11.5,11.83,787733.0
2025-04-17,11.87,12.3,11.87,12.295,784645.0
2025-04-21,12.21,12.4,11.95,12.15,635487.0
2025-04-22,12.29,13.03,12.1,12.67,568831.0
2025-04-23,13.02,13.5,12.85,13.03,613223.0
2025-04-24,13.0,13.66,12.885,13.61,538958.0
2025-04-25,13.49,14.05,13.435,13.79,480978.0
2025-04-28,13.83,14.08,13.52,13.75,756600.0
2025-04-29,13.68,14.0,13.465,13.72,483400.0
2025-04-30,13.95,13.95,13.35,13.71,553595.0
2025-05-01,13.65,14.06,13.15,13.5,635511.0
2025-05-02,14.21,14.39,13.49,13.61,749858.0
2025-05-05,13.44,13.84,12.98,13.57,419061.0
2025-05-06,13.41,13.41,11.82,12.01,1071302.0
2025-05-07,12.01,12.565,11.93,12.11,495060.0
2025-05-08,12.51,12.62,11.88,12.39,479805.0
2025-05-09,12.33,12.85,12.09,12.3,509977.0
2025-05-12,12.8,13.35,12.385,13.15,430445.0
2025-05-13,13.08,13.08,12.215,12.46,492693.0
2025-05-14,12.3,12.485,11.94,12.27,448803.0
2025-05-15,12.21,12.68,11.94,12.59,509183.0
2025-05-16,12.75,13.06,12.44,12.51,1408566.0
2025-05-19,12.55,12.74,12.08,12.26,464844.0
2025-05-20,12.74,13.34,12.2,13.2,785385.0
2025-05-21,12.96,13.135,12.65,12.82,994004.0
2025-05-22,12.75,12.99,12.11,12.62,771119.0
2025-05-23,12.44,13.23,12.41,12.87,726678.0
2025-05-27,13.06,13.2,12.61,12.77,1510750.0
2025-05-28,13.23,13.23,12.72,12.95,922779.0
2025-05-29,13.08,13.325,12.87,13.07,526658.0
2025-05-30,12.93,13.54,12.55,13.51,888629.0
2025-06-02,13.62,13.84,13.215,13.41,770808.0
2025-06-03,13.48,13.58,13.22,13.36,398221.0
2025-06-04,13.36,13.44,12.5,12.53,936220.0
2025-06-05,12.54,12.81,10.95,11.86,3561738.0
2025-06-06,11.97,12.42,11.91,11.92,1032103.0
2025-06-09,12.04,12.24,11.55,11.94,1628203.0
2025-06-10,12.04,12.415,12.01,12.12,1345606.0
2025-06-11,12.14,12.8695,11.91,12.49,1395016.0
2025-06-12,12.41,12.725,11.93,12.04,517622.0
2025-06-13,11.85,12.4,11.77,12.38,1039212.0
2025-06-16,12.44,12.69,12.05,12.6,1256765.0
2025-06-17,12.51,12.86,12.455,12.6,1588146.0
2025-06-18,12.6,13.06,12.55,12.68,1381655.0
2025-06-20,12.865,13.02,12.3,12.43,1612616.0
2025-06-23,12.4,13.065,12.39,13.0,942208.0
2025-06-24,13.05,14.265,12.76,14.2,1580303.0
2025-06-25,14.0,14.14,13.4,13.43,779371.0
2025-06-26,13.34,13.45,12.74,13.04,826854.0
2025-06-27,13.09,13.3,12.75,13.13,817526.0
2025-06-30,13.13,13.29,12.78,13.14,1137868.0
2025-07-01,13.04,13.52,12.9,13.17,984653.0
2025-07-02,13.33,13.88,13.195,13.74,651586.0
2025-07-03,13.93,14.11,13.65,14.07,689124.0
2025-07-07,14.03,14.135,13.22,13.62,676547.0
2025-07-08,13.65,13.85,13.39,13.56,747894.0
2025-07-09,13.67,14.71,13.67,14.03,1220841.0
2025-07-10,14.01,14.74,13.85,14.65,937021.0
2025-07-11,14.64,14.73,14.17,14.43,460489.0
2025-07-14,14.43,15.48,14.34,15.13,2012350.0
2025-07-15,15.11,15.15,14.7474,15.08,847125.0
2025-07-16,15.1,15.73,14.96,15.65,1619587.0
2025-07-17,15.65,16.0,15.26,15.96,647870.0
2025-07-18,16.05,16.1466,15.52,15.69,1007313.0
2025-07-21,15.99,16.14,15.755,16.06,1126346.0
2025-07-22,15.9,16.225,15.86,16.17,616384.0
2025-07-23,16.24,16.43,15.57,15.57,1650018.0
2025-07-24,15.57,15.81,15.245,15.48,478046.0
2025-07-25,15.47,15.74,15.19,15.41,355816.0
2025-07-28,15.53,15.695,15.18,15.2,541168.0
2025-07-29,15.37,15.415,15.05,15.21,589308.0
2025-07-30,15.25,17.69,15.115,16.56,3892976.0
2025-07-31,16.47,17.21,15.9507,17.17,1390648.0
2025-08-01,17.06,17.45,16.67,16.81,851319.0
2025-08-04,16.87,17.0,16.02,16.08,1384682.0
2025-08-05,16.02,17.43,15.83,17.31,1586172.0
2025-08-06,17.22,17.41,16.53,17.14,1472680.0
2025-08-07,17.14,17.19,16.68,17.18,1190768.0
2025-08-08,17.34,17.37,16.87,17.02,557960.0
2025-08-11,16.93,16.93,16.46,16.61,840034.0
2025-08-12,16.3,17.215,16.25,17.11,911299.0
2025-08-13,17.19,17.75,16.81,17.14,1383443.0
2025-08-14,16.98,17.78,16.78,17.64,890003.0
2025-08-15,17.23,18.11,17.23,18.05,1282676.0
2025-08-18,18.0,18.14,17.53,17.59,1012833.0
2025-08-19,17.63,17.98,17.215,17.34,1331561.0
2025-08-20,17.3,17.53,17.01,17.28,771196.0
2025-08-21,17.32,17.71,17.155,17.53,1081918.0
2025-08-22,17.55,18.06,16.96,17.01,1127989.0
2025-08-25,17.005,17.25,16.95,17.0,369857.0
2025-08-26,17.18,17.425,16.41,16.79,1338264.0
2025-08-27,16.81,16.81,16.27,16.65,960995.0
2025-08-28,16.68,16.835,16.465,16.56,389156.0
2025-08-29,16.6,16.875,16.355,16.79,632847.0
2025-09-02,16.79,17.45,16.56,17.27,758880.0
2025-09-03,17.68,17.68,15.01,15.91,3206874.0
2025-09-04,15.81,16.05,15.56,15.79,905511.0
2025-09-05,15.87,16.13,15.68,15.73,952266.0
2025-09-08,16.7,18.6967,15.83,18.03,4037854.0
2025-09-09,18.28,20.87,18.03,20.85,3396324.0
2025-09-10,20.86,22.95,20.84,22.71,3397389.0
2025-09-11,22.61,23.24,22.52,22.67,1278957.0
2025-09-12,22.49,22.84,21.47,21.81,1297764.0
2025-09-15,21.81,22.25,21.61,22.02,857960.0
2025-09-16,22.06,22.2198,20.94,21.33,1159246.0
2025-09-17,21.44,22.4,21.0,21.85,1422829.0
2025-09-18,22.01,23.0899,21.83,22.97,1127248.0
2025-09-19,23.04,23.51,22.66,22.79,783013.0
2025-09-22,22.85,23.47,22.68,23.38,566205.0
2025-09-23,23.2,23.6,22.94,23.34,627432.0
2025-09-24,23.0,24.13,23.0,23.97,968943.0
2025-09-25,23.89,23.89,22.86,23.01,862292.0
2025-09-26,23.13,23.48,22.5229,23.26,986699.0
2025-09-29,23.47,24.57,23.14,24.4,1128465.0
2025-09-30,24.29,24.57,23.53,24.25,1417723.0
2025-10-01,24.1,24.3796,22.43,22.62,1151825.0
2025-10-02,22.75,23.16,22.26,23.05,2155841.0
2025-10-03,23.19,23.6,22.89,23.23,1011576.0
2025-10-06,23.65,23.67,22.71,23.0,964377.0
2025-10-07,23.09,23.41,22.85,23.12,747576.0
2025-10-08,23.23,23.23,22.3,22.3,1080596.0
2025-10-09,22.26,23.0055,22.01,22.83,1365766.0
2025-10-10,22.94,22.94,21.83,22.31,1196013.0
2025-10-13,22.18,23.075,22.155,22.47,939221.0
2025-10-14,22.26,22.77,21.78,22.41,722465.0
2025-10-15,22.61,22.74,22.29,22.57,639192.0
2025-10-16,22.77,23.635,22.6,22.86,1301144.0
2025-10-17,22.83,23.34,22.69,23.02,887592.0
2025-10-20,23.24,23.24,22.58,22.79,729342.0
2025-10-21,22.82,23.2,22.5,22.74,835236.0
2025-10-22,22.65,23.49,22.56,23.28,878903.0
2025-10-23,23.21,24.19,23.2,24.14,701146.0
2025-10-24,24.2,24.81,23.855,24.15,316325.0
2025-10-27,24.52,25.2975,24.38,24.46,982456.0
2025-10-28,24.61,25.31,24.61,25.0,1084689.0
2025-10-29,25.05,25.27,23.71,23.98,769950.0
2025-10-30,23.9,24.73,23.45,24.33,505060.0
2025-10-31,24.44,25.13,23.96,24.9,598163.0
2025-11-03,24.9,25.42,23.53,23.94,904630.0
2025-11-04,23.53,24.165,23.0,23.74,493209.0
2025-11-05,17.99,22.915,17.05,22.52,10088249.0
2025-11-06,22.18,24.15,22.1,22.835,1956642.0
2025-11-07,22.44,22.975,21.585,22.12,1936148.0
2025-11-10,22.49,23.08,21.79,22.33,1910699.0
2025-11-11,22.62,23.07,22.13,22.54,998728.0
2025-11-12,22.34,27.18,21.97,26.7,7441179.0
2025-11-13,26.2,26.89,25.46,25.97,2028475.0
2025-11-14,25.96,27.72,25.8805,27.61,3530667.0
2025-11-17,27.74,29.29,27.21,27.32,3580612.0
2025-11-18,27.44,29.0,27.15,28.36,2205560.0
2025-11-19,28.45,28.83,27.513,28.0,1477348.0
2025-11-20,28.56,29.33,27.47,27.54,1764209.0
2025-11-21,27.73,28.97,27.58,27.98,1623263.0
2025-11-24,28.1,29.45,28.0,29.37,1318824.0
2025-11-25,29.5,29.895,28.86,28.96,2061027.0
2025-11-26,29.27,29.99,28.53,28.98,2206906.0
2025-11-28,29.17,29.52,28.96,29.03,1217165.0
2025-12-01,29.63,29.77,28.1897,28.47,1684076.0
2025-12-02,28.42,29.14,28.19,28.51,1272703.0
